lon,lat,common_name,number_found,observation_date,county
-73.9729617,40.7790633,Spotted Lanternfly,1.0,01-Oct-2021,New York
-73.9729217,40.7791133,Spotted Lanternfly,1.0,01-Oct-2021,New York
-73.9730133,40.779075,Spotted Lanternfly,1.0,01-Oct-2021,New York
-73.9728617,40.7790333,Spotted Lanternfly,1.0,01-Oct-2021,New York
-73.9986837,40.6529428,Spotted Lanternfly,1.0,30-Sep-2021,Kings
-73.9498667,40.8320167,Spotted Lanternfly,1.0,29-Sep-2021,New York
-73.949905,40.8320383,Spotted Lanternfly,1.0,29-Sep-2021,New York
-73.949805,40.8316033,Spotted Lanternfly,1.0,29-Sep-2021,New York
-73.9498967,40.8320117,Spotted Lanternfly,1.0,29-Sep-2021,New York
-73.9498667,40.8320117,Spotted Lanternfly,1.0,29-Sep-2021,New York
-73.9498533,40.832,Spotted Lanternfly,1.0,29-Sep-2021,New York
-73.9498667,40.8320117,Spotted Lanternfly,1.0,29-Sep-2021,New York
-73.9576808,40.801063,Spotted Lanternfly,1.0,02-Oct-2021,New York
-73.8780349,40.5667468,Spotted Lanternfly,1.0,02-Oct-2021,Queens
-74.01031,40.635001,Spotted Lanternfly,1.0,02-Oct-2021,Kings
-73.941925,40.8260217,Spotted Lanternfly,1.0,02-Oct-2021,New York
-73.9628917,40.65995,Spotted Lanternfly,1.0,02-Oct-2021,Kings
-73.9669419,40.8011152,Spotted Lanternfly,1.0,27-Sep-2021,New York
-73.9698128,40.7776087,Spotted Lanternfly,1.0,03-Oct-2021,New York
-73.9697404,40.7776025,Spotted Lanternfly,1.0,03-Oct-2021,New York
-73.9698021,40.7776127,Spotted Lanternfly,1.0,03-Oct-2021,New York
-73.8412087,40.7188745,Spotted Lanternfly,1.0,03-Oct-2021,Queens
-73.9886167,40.74252,Spotted Lanternfly,1.0,03-Oct-2021,New York
-73.965399,40.690719,Spotted Lanternfly,1.0,03-Oct-2021,Kings
-73.9439617,40.7252583,Spotted Lanternfly,1.0,03-Oct-2021,Kings
-73.8925378,40.6845774,Spotted Lanternfly,1.0,04-Oct-2021,Queens
-74.0040512,40.7078761,Spotted Lanternfly,1.0,06-Sep-2021,New York
-73.9451183,40.8170793,Spotted Lanternfly,1.0,07-Oct-2021,New York
-73.989448,40.6523938,Spotted Lanternfly,1.0,05-Oct-2021,Kings
-74.1989488,40.5918958,Spotted Lanternfly,1.0,05-Oct-2021,Richmond
-74.0141678,40.6901131,Spotted Lanternfly,1.0,06-Oct-2021,New York
-74.0141144,40.6901398,Spotted Lanternfly,1.0,06-Oct-2021,New York
-73.9791177,40.6227102,Spotted Lanternfly,1.0,07-Oct-2021,Kings
-74.0141754,40.6900406,Spotted Lanternfly,1.0,06-Oct-2021,New York
-74.14222,40.54279,Spotted Lanternfly,1.0,06-Oct-2021,Richmond
-73.9498693,40.7760645,Spotted Lanternfly,1.0,07-Oct-2021,New York
-73.98375,40.7490883,Spotted Lanternfly,1.0,08-Oct-2021,New York
-73.9607083,40.7210533,Spotted Lanternfly,1.0,08-Oct-2021,Kings
-74.0248038,40.6868129,Spotted Lanternfly,1.0,08-Oct-2021,New York
-73.9342728,40.7667274,Spotted Lanternfly,1.0,09-Oct-2021,Queens
-73.9674739,40.6782712,Spotted Lanternfly,1.0,09-Oct-2021,Kings
-74.0173638,40.6901467,Spotted Lanternfly,1.0,09-Oct-2021,New York
-74.0110936,40.7109202,Spotted Lanternfly,1.0,31-Aug-2021,New York
-73.9786613,40.7117465,Spotted Lanternfly,1.0,12-Oct-2021,New York
-74.0022525,40.7055521,Spotted Lanternfly,1.0,06-Sep-2021,New York
-73.9907889,40.6628111,Spotted Lanternfly,1.0,06-Sep-2021,Kings
-73.8914867,40.6856333,Spotted Lanternfly,1.0,12-Oct-2021,Queens
-74.155647,40.6367613,Spotted Lanternfly,1.0,12-Oct-2021,Richmond
-73.98787,40.7796083,Spotted Lanternfly,1.0,12-Oct-2021,New York
-73.9503926,40.8081918,Spotted Lanternfly,1.0,12-Oct-2021,New York
-74.031175,40.6413583,Spotted Lanternfly,1.0,13-Oct-2021,Kings
-73.9729606,40.7790891,Spotted Lanternfly,1.0,14-Oct-2021,New York
-73.9729444,40.7791395,Spotted Lanternfly,1.0,14-Oct-2021,New York
-74.1495633,40.5835038,Spotted Lanternfly,1.0,06-Sep-2021,Richmond
-74.0544783,40.5996167,Spotted Lanternfly,1.0,06-Oct-2021,Richmond
-73.9581133,40.807105,Spotted Lanternfly,1.0,18-Oct-2021,New York
-74.0006028,40.74487,Spotted Lanternfly,1.0,13-Oct-2021,New York
-73.9949417,40.7120283,Spotted Lanternfly,1.0,06-Sep-2021,New York
-73.9601974,40.7296677,Spotted Lanternfly,1.0,06-Sep-2021,Kings
-73.8416849,40.6557238,Spotted Lanternfly,1.0,05-Sep-2021,Queens
-73.7438602,40.741422,Spotted Lanternfly,1.0,06-Sep-2021,Queens
-73.9950036,40.5824991,Spotted Lanternfly,1.0,05-Sep-2021,Kings
-73.9432217,40.74677,Spotted Lanternfly,1.0,21-Oct-2021,Queens
-73.9653389,40.6611306,Spotted Lanternfly,1.0,23-Oct-2021,Kings
-73.9968643,40.6866684,Spotted Lanternfly,1.0,23-Oct-2021,Kings
-73.8363283,40.75987,Spotted Lanternfly,1.0,24-Oct-2021,Queens
-73.83628,40.7598967,Spotted Lanternfly,1.0,24-Oct-2021,Queens
-73.9678116,40.7781029,Spotted Lanternfly,1.0,28-Oct-2021,New York
-74.1966672,40.5358477,Spotted Lanternfly,1.0,28-Oct-2021,Richmond
-73.9241011,40.8505941,Spotted Lanternfly,1.0,28-Oct-2021,New York
-74.0191691,40.6546225,Spotted Lanternfly,1.0,05-Sep-2021,Kings
-74.0179221,40.6540536,Spotted Lanternfly,1.0,05-Sep-2021,Kings
-74.0134677,40.6553256,Spotted Lanternfly,1.0,05-Sep-2021,Kings
-73.9632245,40.6497783,Spotted Lanternfly,1.0,05-Sep-2021,Kings
-74.0191631,40.68813,Spotted Lanternfly,1.0,04-Sep-2021,New York
-74.0211294,40.6530121,Spotted Lanternfly,1.0,06-Nov-2021,Kings
-74.1772,40.5321833,Spotted Lanternfly,1.0,26-Oct-2021,Richmond
-74.0084026,40.7396548,Spotted Lanternfly,1.0,28-Oct-2021,New York
-73.9849083,40.7860301,Spotted Lanternfly,1.0,30-Oct-2021,New York
-73.8332383,40.840575,Spotted Lanternfly,1.0,31-Oct-2021,Bronx
-73.9024827,40.7734594,Spotted Lanternfly,1.0,02-Nov-2021,Queens
-73.9618533,40.6928167,Spotted Lanternfly,1.0,05-Sep-2021,Kings
-73.9429416,40.7755174,Spotted Lanternfly,1.0,05-Sep-2021,New York
-74.1078771,40.6335617,Spotted Lanternfly,1.0,05-Sep-2021,Richmond
-73.9110168,40.6975015,Spotted Lanternfly,1.0,04-Sep-2021,Kings
-73.9888641,40.7768779,Spotted Lanternfly,1.0,04-Sep-2021,New York
-73.9987687,40.652992,Spotted Lanternfly,1.0,04-Sep-2021,Kings
-73.9988261,40.6530077,Spotted Lanternfly,1.0,04-Sep-2021,Kings
-73.9131041,40.7537856,Spotted Lanternfly,1.0,03-Sep-2021,Queens
-73.9576797,40.7962151,Spotted Lanternfly,1.0,04-Sep-2021,New York
-74.0137191,40.7031591,Spotted Lanternfly,1.0,04-Sep-2021,New York
-74.123295,40.579986,Spotted Lanternfly,1.0,04-Sep-2021,Richmond
-73.7785825,40.7964248,Spotted Lanternfly,1.0,04-Sep-2021,Queens
-73.97018,40.7534128,Spotted Lanternfly,1.0,02-Sep-2021,New York
-73.9835007,40.7255812,Spotted Lanternfly,1.0,07-Jun-2022,New York
-73.8995803,40.5581238,Spotted Lanternfly,1.0,03-Sep-2021,Queens
-73.9391653,40.749731,Spotted Lanternfly,1.0,03-Sep-2021,Queens
-73.9361002,40.8570262,Spotted Lanternfly,1.0,03-Sep-2021,New York
-73.9873967,40.695045,Spotted Lanternfly,1.0,03-Sep-2021,Kings
-74.0152778,40.6927778,Spotted Lanternfly,1.0,03-Sep-2021,New York
-73.8718806,40.6419987,Spotted Lanternfly,1.0,03-Sep-2021,Kings
-74.0115635,40.7037951,Spotted Lanternfly,1.0,06-Sep-2021,New York
-73.9919354,40.6680288,Spotted Lanternfly,2.0,14-Jun-2022,Kings
-74.1613833,40.5474806,Spotted Lanternfly,1.0,02-Sep-2021,Richmond
-73.9216411,40.8575501,Spotted Lanternfly,1.0,01-Sep-2021,New York
-73.9959815,40.657167,Spotted Lanternfly,1.0,02-Sep-2021,Kings
-74.1360747,40.5303245,Spotted Lanternfly,1.0,02-Sep-2021,Richmond
-73.8722438,40.8749239,Spotted Lanternfly,1.0,20-Jun-2022,Bronx
-73.97278,40.7753699,Spotted Lanternfly,1.0,29-Jul-2022,New York
-73.9628617,40.6483033,Spotted Lanternfly,1.0,01-Sep-2021,Kings
-73.9650454,40.6609243,Spotted Lanternfly,1.0,01-Sep-2021,Kings
-73.8677903,40.8567145,Spotted Lanternfly,1.0,01-Sep-2021,Bronx
-74.0126911,40.7024306,Spotted Lanternfly,1.0,31-Aug-2021,New York
-73.8950225,40.8370258,Spotted Lanternfly,1.0,30-Aug-2021,Bronx
-74.0159528,40.7170367,Spotted Lanternfly,1.0,31-Aug-2021,New York
-73.9462641,40.773046,Spotted Lanternfly,1.0,31-Aug-2021,New York
-73.994721,40.743633,Spotted Lanternfly,1.0,31-Aug-2021,New York
-73.9571975,40.7660589,Spotted Lanternfly,1.0,31-Aug-2021,New York
-74.1562919,40.5543229,Spotted Lanternfly,1.0,29-Aug-2021,Richmond
-74.2105956,40.5334004,Spotted Lanternfly,1.0,31-Aug-2021,Richmond
-73.9514905,40.7780277,Spotted Lanternfly,1.0,28-Aug-2021,New York
-73.9474266,40.7803394,Spotted Lanternfly,1.0,27-Aug-2021,New York
-73.9908571,40.5713143,Spotted Lanternfly,1.0,31-Aug-2021,Kings
-73.964138,40.777622,Spotted Lanternfly,1.0,30-Aug-2021,New York
-74.0097778,40.7140778,Spotted Lanternfly,1.0,30-Aug-2021,New York
-73.9514483,40.7779657,Spotted Lanternfly,1.0,28-Aug-2021,New York
-73.8791194,40.8888028,Spotted Lanternfly,1.0,11-Feb-2022,Bronx
-73.9474845,40.780361,Spotted Lanternfly,1.0,27-Aug-2021,New York
-73.8474176,40.7491118,Spotted Lanternfly,1.0,30-Aug-2021,Queens
-73.9546367,40.81517,Spotted Lanternfly,1.0,30-Aug-2021,New York
-73.990311,40.7353807,Spotted Lanternfly,1.0,30-Aug-2021,New York
-73.9418369,40.6812428,Spotted Lanternfly,1.0,30-Aug-2021,Kings
-74.2537361,40.5034139,Spotted Lanternfly,1.0,28-Aug-2021,Richmond
-74.015053,40.7105248,Spotted Lanternfly,1.0,29-Aug-2021,New York
-73.9438167,40.72525,Spotted Lanternfly,1.0,29-Aug-2021,Kings
-74.0066263,40.7050712,Spotted Lanternfly,1.0,28-Aug-2021,New York
-74.0158371,40.6909388,Spotted Lanternfly,1.0,28-Aug-2021,New York
-74.2348294,40.5039121,Spotted Lanternfly,1.0,29-Aug-2021,Richmond
-73.996666,40.6962471,Spotted Lanternfly,1.0,29-Aug-2021,Kings
-73.8414578,40.6517254,Spotted Lanternfly,1.0,29-Aug-2021,Queens
-74.0134081,40.7022984,Spotted Lanternfly,1.0,29-Aug-2021,New York
-74.0207596,40.6873169,Spotted Lanternfly,1.0,29-Aug-2021,New York
-73.8850259,40.753695,Spotted Lanternfly,1.0,29-Aug-2021,Queens
-74.1507034,40.6244087,Spotted Lanternfly,1.0,29-Aug-2021,Richmond
-73.995705,40.6495333,Spotted Lanternfly,1.0,29-Aug-2021,Kings
-74.0043195,40.647945,Spotted Lanternfly,1.0,28-Aug-2021,Kings
-73.9920546,40.7448469,Spotted Lanternfly,1.0,28-Aug-2021,New York
-74.0159453,40.7019201,Spotted Lanternfly,1.0,28-Aug-2021,New York
-74.0128333,40.7019417,Spotted Lanternfly,1.0,27-Aug-2021,New York
-73.9908833,40.7565633,Spotted Lanternfly,1.0,27-Aug-2021,New York
-74.0118685,40.729662,Spotted Lanternfly,1.0,27-Aug-2021,New York
-74.0170972,40.7067633,Spotted Lanternfly,1.0,27-Aug-2021,New York
-73.9637604,40.7210158,Spotted Lanternfly,1.0,27-Aug-2021,Kings
-74.1745,40.5219083,Spotted Lanternfly,1.0,26-Aug-2021,Richmond
-74.0131302,40.7163582,Spotted Lanternfly,1.0,27-Aug-2021,New York
-73.9689845,40.7807023,Spotted Lanternfly,1.0,27-Aug-2021,New York
-73.8115769,40.5840238,Spotted Lanternfly,1.0,27-Aug-2021,Queens
-73.9777457,40.7836887,Spotted Lanternfly,1.0,27-Aug-2021,New York
-73.9729292,40.7791483,Spotted Lanternfly,1.0,26-Aug-2021,New York
-74.0157306,40.7130867,Spotted Lanternfly,1.0,26-Aug-2021,New York
-73.9497383,40.8356083,Spotted Lanternfly,1.0,25-Aug-2021,New York
-73.9498883,40.8349583,Spotted Lanternfly,1.0,25-Aug-2021,New York
-73.9729,40.7791117,Spotted Lanternfly,1.0,26-Aug-2021,New York
-73.972795,40.7791117,Spotted Lanternfly,1.0,26-Aug-2021,New York
-73.972825,40.7791117,Spotted Lanternfly,1.0,26-Aug-2021,New York
-73.9748467,40.7762533,Spotted Lanternfly,1.0,26-Aug-2021,New York
-73.974695,40.7763583,Spotted Lanternfly,1.0,26-Aug-2021,New York
-73.9676068,40.7631541,Spotted Lanternfly,1.0,15-Aug-2021,New York
-73.9836915,40.6880947,Spotted Lanternfly,1.0,26-Aug-2021,Kings
-74.2258,40.50735,Spotted Lanternfly,1.0,20-Jun-2021,Richmond
-74.0168042,40.7176627,Spotted Lanternfly,1.0,04-Mar-2022,New York
-73.9617426,40.7953172,Spotted Lanternfly,1.0,08-Sep-2020,New York
-74.0145482,40.7132041,Spotted Lanternfly,1.0,08-Sep-2020,New York
-74.0115026,40.7110592,Spotted Lanternfly,1.0,06-Sep-2020,New York
-74.0115321,40.7107509,Spotted Lanternfly,1.0,06-Sep-2020,New York
-74.0122369,40.7108831,Spotted Lanternfly,1.0,08-Sep-2020,New York
-74.0112686,40.7103887,Spotted Lanternfly,1.0,05-Sep-2020,New York
-74.2164572,40.5089968,Spotted Lanternfly,1.0,15-Jul-2020,Richmond
-74.2277131,40.5034535,Spotted Lanternfly,1.0,10-Aug-2020,Richmond
-73.98168,40.66895,Spotted Lanternfly,1.0,22-May-2022,Kings
-73.9377283,40.7520717,Spotted Lanternfly,1.0,21-May-2022,Queens
-73.9680615,40.6427466,Spotted Lanternfly,1.0,18-May-2022,Kings
-73.9680548,40.6426988,Spotted Lanternfly,1.0,18-May-2022,Kings
-73.9680562,40.6427006,Spotted Lanternfly,1.0,18-May-2022,Kings
-73.9680676,40.6427222,Spotted Lanternfly,1.0,18-May-2022,Kings
-73.9680693,40.6427212,Spotted Lanternfly,1.0,18-May-2022,Kings
-73.9680666,40.6427392,Spotted Lanternfly,1.0,18-May-2022,Kings
-73.9680689,40.6427509,Spotted Lanternfly,1.0,18-May-2022,Kings
-74.2364877,40.5392596,Spotted Lanternfly,1.0,18-May-2022,Richmond
-73.953732,40.8097281,Spotted Lanternfly,1.0,22-May-2022,New York
-73.9745675,40.776313,Spotted Lanternfly,1.0,23-May-2022,New York
-73.9685418,40.7813877,Spotted Lanternfly,1.0,23-May-2022,New York
-74.104525,40.6438944,Spotted Lanternfly,1.0,23-May-2022,Richmond
-74.0209304,40.6535063,Spotted Lanternfly,1.0,23-May-2022,Kings
-73.810818,40.7100581,Spotted Lanternfly,1.0,27-Sep-2022,Queens
-73.9491328,40.7439211,Spotted Lanternfly,4.0,26-Oct-2022,Queens
-73.9492962,40.833646,Spotted Lanternfly,1.0,26-Oct-2022,New York
-73.790988,40.8539084,Spotted Lanternfly,1.0,27-Oct-2022,Bronx
-73.9168508,40.8808005,Spotted Lanternfly,1.0,13-Nov-2022,Bronx
-73.9381562,40.7663775,Spotted Lanternfly,1.0,13-Aug-2021,Queens
-74.0227706,40.6845618,Spotted Lanternfly,1.0,10-Sep-2021,New York
-74.0159083,40.7091,Spotted Lanternfly,1.0,10-Sep-2021,New York
-73.9745615,40.7764387,Spotted Lanternfly,1.0,08-Sep-2021,New York
-73.9324314,40.6014502,Spotted Lanternfly,1.0,10-Sep-2021,Kings
-73.8789667,40.850845,Spotted Lanternfly,1.0,11-Sep-2021,Bronx
-73.9747,40.6853783,Spotted Lanternfly,1.0,11-Sep-2021,Kings
-73.9903074,40.6787637,Spotted Lanternfly,1.0,11-Sep-2021,Kings
-73.95903,40.71592,Spotted Lanternfly,1.0,11-Sep-2021,Kings
-73.9476467,40.8190083,Spotted Lanternfly,1.0,11-Sep-2021,New York
-73.9476467,40.8190083,Spotted Lanternfly,1.0,11-Sep-2021,New York
-73.9476,40.81898,Spotted Lanternfly,1.0,11-Sep-2021,New York
-74.0016417,40.756145,Spotted Lanternfly,1.0,11-Sep-2021,New York
-73.9556145,40.7933537,Spotted Lanternfly,1.0,11-Sep-2021,New York
-73.9592533,40.7358867,Spotted Lanternfly,1.0,12-Sep-2021,Kings
-73.971756,40.7701035,Spotted Lanternfly,1.0,12-Sep-2021,New York
-74.0214337,40.6863508,Spotted Lanternfly,1.0,12-Sep-2021,New York
-73.9618917,40.6875833,Spotted Lanternfly,1.0,12-Sep-2021,Kings
-74.015175,40.7075467,Spotted Lanternfly,1.0,12-Sep-2021,New York
-74.0007556,40.7540033,Spotted Lanternfly,1.0,12-Sep-2021,New York
-74.122701,40.562524,Spotted Lanternfly,1.0,12-Sep-2021,Richmond
-73.9907583,40.6628333,Spotted Lanternfly,1.0,12-Sep-2021,Kings
-73.9632806,40.6497778,Spotted Lanternfly,1.0,12-Sep-2021,Kings
-74.1365204,40.5296097,Spotted Lanternfly,1.0,12-Sep-2021,Richmond
-73.9632033,40.8098717,Spotted Lanternfly,1.0,12-Sep-2021,New York
-73.9565659,40.7647324,Spotted Lanternfly,1.0,12-Sep-2021,New York
-73.979308,40.7590255,Spotted Lanternfly,1.0,12-Sep-2021,New York
-74.0167357,40.6930217,Spotted Lanternfly,1.0,12-Sep-2021,New York
-74.1485512,40.6193667,Spotted Lanternfly,1.0,04-Sep-2021,Richmond
-73.9916261,40.6602374,Spotted Lanternfly,1.0,13-Sep-2021,Kings
-73.942936,40.7465282,Spotted Lanternfly,1.0,13-Sep-2021,Queens
-73.9983533,40.7559303,Spotted Lanternfly,1.0,07-Sep-2021,New York
-74.1024444,40.6417167,Spotted Lanternfly,1.0,13-Sep-2021,Richmond
-73.9581945,40.7979039,Spotted Lanternfly,1.0,11-Sep-2021,New York
-73.9592464,40.7959781,Spotted Lanternfly,1.0,11-Sep-2021,New York
-74.0106806,40.7202083,Spotted Lanternfly,1.0,13-Sep-2021,New York
-73.9750016,40.7761495,Spotted Lanternfly,1.0,08-Sep-2021,New York
-74.1496474,40.5996901,Spotted Lanternfly,1.0,11-Sep-2021,Richmond
-74.0900826,40.631842,Spotted Lanternfly,1.0,10-Sep-2021,Richmond
-73.9813833,40.769195,Spotted Lanternfly,1.0,13-Sep-2021,New York
-74.0125903,40.7150516,Spotted Lanternfly,1.0,14-Sep-2021,New York
-74.0156663,40.6750299,Spotted Lanternfly,1.0,14-Sep-2021,Kings
-74.0941544,40.6449432,Spotted Lanternfly,1.0,14-Sep-2021,Richmond
-73.9812622,40.6566544,Spotted Lanternfly,1.0,14-Sep-2021,Kings
-74.1024674,40.5799905,Spotted Lanternfly,1.0,11-Sep-2021,Richmond
-73.9885467,40.7782833,Spotted Lanternfly,1.0,14-Sep-2021,New York
-74.1010551,40.617908,Spotted Lanternfly,1.0,14-Sep-2021,Richmond
-73.99057,40.7732687,Spotted Lanternfly,1.0,14-Sep-2021,New York
-74.014481,40.7153667,Spotted Lanternfly,1.0,14-Sep-2021,New York
-73.9677883,40.6563133,Spotted Lanternfly,1.0,14-Sep-2021,Kings
-74.0035133,40.6515085,Spotted Lanternfly,1.0,14-Sep-2021,Kings
-73.9959804,40.69513,Spotted Lanternfly,1.0,13-Sep-2021,Kings
-73.9655999,40.7881801,Spotted Lanternfly,1.0,15-Sep-2021,New York
-73.965804,40.7881178,Spotted Lanternfly,1.0,15-Sep-2021,New York
-74.001359,40.741111,Spotted Lanternfly,1.0,13-Sep-2021,New York
-73.9658704,40.7880484,Spotted Lanternfly,1.0,15-Sep-2021,New York
-73.9655582,40.7881222,Spotted Lanternfly,1.0,15-Sep-2021,New York
-74.006263,40.749365,Spotted Lanternfly,1.0,12-Sep-2021,New York
-74.006198,40.749389,Spotted Lanternfly,1.0,12-Sep-2021,New York
-74.006253,40.749389,Spotted Lanternfly,1.0,12-Sep-2021,New York
-74.006208,40.749359,Spotted Lanternfly,1.0,12-Sep-2021,New York
-74.006184,40.749401,Spotted Lanternfly,1.0,12-Sep-2021,New York
-73.9658634,40.7880714,Spotted Lanternfly,1.0,15-Sep-2021,New York
-73.8268867,40.6176208,Spotted Lanternfly,1.0,11-Sep-2021,Queens
-73.9728867,40.7790367,Spotted Lanternfly,1.0,15-Sep-2021,New York
-73.9706073,40.6814697,Spotted Lanternfly,1.0,07-Sep-2021,Kings
-73.9794861,40.7135978,Spotted Lanternfly,1.0,15-Sep-2021,New York
-73.9448355,40.6452315,Spotted Lanternfly,1.0,15-Sep-2021,Kings
-73.96576,40.788158,Spotted Lanternfly,1.0,15-Sep-2021,New York
-74.180475,40.5693917,Spotted Lanternfly,1.0,15-Sep-2021,Richmond
-74.0380019,40.6393561,Spotted Lanternfly,1.0,15-Sep-2021,Kings
-74.1299973,40.5999985,Spotted Lanternfly,1.0,16-Sep-2021,Richmond
-74.0716881,40.6165866,Spotted Lanternfly,1.0,07-Sep-2021,Richmond
-73.9375915,40.5486888,Spotted Lanternfly,1.0,16-Sep-2021,Queens
-73.9733512,40.5746888,Spotted Lanternfly,1.0,16-Sep-2021,Kings
-73.9748,40.77622,Spotted Lanternfly,1.0,15-Sep-2021,New York
-73.9661293,40.7597339,Spotted Lanternfly,1.0,16-Sep-2021,New York
-73.9954831,40.6738433,Spotted Lanternfly,1.0,16-Sep-2021,Kings
-73.971671,40.7654472,Spotted Lanternfly,1.0,08-Sep-2021,New York
-74.1658333,40.584525,Spotted Lanternfly,1.0,16-Sep-2021,Richmond
-73.9768667,40.7808533,Spotted Lanternfly,1.0,16-Sep-2021,New York
-74.0445131,40.6894132,Spotted Lanternfly,1.0,16-Sep-2021,New York
-73.9611692,40.8062857,Spotted Lanternfly,1.0,16-Sep-2021,New York
-73.9182721,40.8694665,Spotted Lanternfly,1.0,16-Sep-2021,New York
-73.9182315,40.8694718,Spotted Lanternfly,1.0,16-Sep-2021,New York
-73.9753699,40.7924146,Spotted Lanternfly,1.0,16-Sep-2021,New York
-73.9281455,40.7731736,Spotted Lanternfly,1.0,17-Sep-2021,Queens
-73.9077065,40.7474177,Spotted Lanternfly,1.0,08-Sep-2021,Queens
-73.976495,40.7614367,Spotted Lanternfly,1.0,14-Sep-2021,New York
-73.9777167,40.7957715,Spotted Lanternfly,1.0,17-Sep-2021,New York
-73.9789249,40.7526852,Spotted Lanternfly,1.0,07-Sep-2021,New York
-73.913109,40.753768,Spotted Lanternfly,1.0,03-Sep-2021,Queens
-73.910673,40.747754,Spotted Lanternfly,1.0,08-Sep-2021,Queens
-73.8683752,40.7698399,Spotted Lanternfly,3.0,08-Sep-2021,Queens
-73.8746761,40.770655,Spotted Lanternfly,1.0,18-Sep-2021,Queens
-73.9820178,40.6920764,Spotted Lanternfly,1.0,18-Sep-2021,Kings
-73.9761503,40.7800967,Spotted Lanternfly,1.0,19-Sep-2021,New York
-73.9231015,40.7918988,Spotted Lanternfly,1.0,17-Sep-2021,New York
-73.9398202,40.8538836,Spotted Lanternfly,1.0,17-Sep-2021,New York
-74.0226749,40.6873623,Spotted Lanternfly,1.0,17-Sep-2021,New York
-73.9438633,40.7253033,Spotted Lanternfly,1.0,17-Sep-2021,Kings
-73.9707411,40.6795358,Spotted Lanternfly,1.0,17-Sep-2021,Kings
-73.9285876,40.7759669,Spotted Lanternfly,1.0,18-Sep-2021,Queens
-74.1502007,40.5795317,Spotted Lanternfly,1.0,15-Sep-2021,Richmond
-73.9509367,40.7826533,Spotted Lanternfly,1.0,18-Sep-2021,New York
-74.0959354,40.6094005,Spotted Lanternfly,1.0,10-Sep-2021,Richmond
-74.0063945,40.7343833,Spotted Lanternfly,1.0,18-Sep-2021,New York
-74.0117086,40.7329974,Spotted Lanternfly,1.0,18-Sep-2021,New York
-73.9862217,40.7567167,Spotted Lanternfly,1.0,18-Sep-2021,New York
-73.9788361,40.7447929,Spotted Lanternfly,1.0,18-Sep-2021,New York
-73.9787674,40.7449493,Spotted Lanternfly,1.0,18-Sep-2021,New York
-73.9910697,40.7769509,Spotted Lanternfly,1.0,18-Sep-2021,New York
-74.1639417,40.5821083,Spotted Lanternfly,1.0,11-Sep-2021,Richmond
-74.1028435,40.5717303,Spotted Lanternfly,1.0,18-Sep-2021,Richmond
-73.9984882,40.7317276,Spotted Lanternfly,1.0,19-Sep-2021,New York
-73.9976672,40.6937797,Spotted Lanternfly,1.0,19-Sep-2021,Kings
-74.0111539,40.7020572,Spotted Lanternfly,1.0,19-Sep-2021,New York
-74.010869,40.7020137,Spotted Lanternfly,1.0,19-Sep-2021,New York
-74.0109445,40.7017538,Spotted Lanternfly,1.0,19-Sep-2021,New York
-73.9948067,40.6577633,Spotted Lanternfly,1.0,18-Sep-2021,Kings
-73.951365,40.791172,Spotted Lanternfly,1.0,11-Sep-2021,New York
-74.0099807,40.7027107,Spotted Lanternfly,1.0,19-Sep-2021,New York
-73.9792243,40.7665906,Spotted Lanternfly,1.0,19-Sep-2021,New York
-73.9511194,40.8167444,Spotted Lanternfly,1.0,18-Sep-2021,New York
-74.0185471,40.7059863,Spotted Lanternfly,1.0,19-Sep-2021,New York
-74.011131,40.7017606,Spotted Lanternfly,1.0,19-Sep-2021,New York
-74.0123222,40.7025944,Spotted Lanternfly,1.0,07-Sep-2021,New York
-73.990825,40.6628278,Spotted Lanternfly,1.0,20-Sep-2021,Kings
-73.9724653,40.7651688,Spotted Lanternfly,1.0,13-Sep-2021,New York
-74.1481333,40.5977556,Spotted Lanternfly,1.0,31-Aug-2021,Richmond
-73.9200084,40.5825937,Spotted Lanternfly,1.0,19-Sep-2021,Kings
-73.9167111,40.5821083,Spotted Lanternfly,1.0,26-Aug-2021,Kings
-73.9791717,40.680725,Spotted Lanternfly,1.0,20-Sep-2021,Kings
-74.0098278,40.72635,Spotted Lanternfly,1.0,12-Sep-2021,New York
-73.9564397,40.7680559,Spotted Lanternfly,1.0,20-Sep-2021,New York
-73.9783917,40.7508083,Spotted Lanternfly,1.0,19-Sep-2021,New York
-73.9736898,40.7547631,Spotted Lanternfly,1.0,19-Sep-2021,New York
-74.000696,40.692329,Spotted Lanternfly,1.0,17-Sep-2021,Kings
-73.9456633,40.721745,Spotted Lanternfly,1.0,21-Sep-2021,Kings
-73.9966905,40.7025548,Spotted Lanternfly,1.0,21-Sep-2021,New York
-73.9245088,40.8486835,Spotted Lanternfly,1.0,21-Sep-2021,Bronx
-73.9908333,40.6628139,Spotted Lanternfly,1.0,21-Sep-2021,Kings
-74.1183931,40.6311341,Spotted Lanternfly,1.0,21-Sep-2021,Richmond
-74.0010528,40.7053861,Spotted Lanternfly,1.0,20-Sep-2021,New York
-74.0923388,40.60593,Spotted Lanternfly,1.0,07-Sep-2021,Richmond
-74.0666888,40.5929367,Spotted Lanternfly,1.0,07-Sep-2021,Richmond
-74.0217916,40.6852359,Spotted Lanternfly,1.0,13-Sep-2021,New York
-73.9907944,40.662825,Spotted Lanternfly,1.0,22-Sep-2021,Kings
-73.9610955,40.7969012,Spotted Lanternfly,1.0,22-Sep-2021,New York
-73.9697717,40.75375,Spotted Lanternfly,1.0,21-Sep-2021,New York
-73.9908472,40.6627139,Spotted Lanternfly,1.0,22-Sep-2021,Kings
-74.1184624,40.6326143,Spotted Lanternfly,1.0,21-Sep-2021,Richmond
-74.0155366,40.7175248,Spotted Lanternfly,1.0,23-Sep-2021,New York
-73.9525896,40.6747574,Spotted Lanternfly,1.0,14-Sep-2021,Kings
-73.8037939,40.690483,Spotted Lanternfly,1.0,24-Sep-2021,Queens
-73.9906833,40.6650611,Spotted Lanternfly,1.0,24-Sep-2021,Kings
-74.015419,40.6928749,Spotted Lanternfly,1.0,24-Sep-2021,New York
-73.9609917,40.7940667,Spotted Lanternfly,1.0,24-Sep-2021,New York
-73.9728518,40.7638349,Spotted Lanternfly,1.0,25-Sep-2021,New York
-74.1691367,40.5717383,Spotted Lanternfly,1.0,24-Sep-2021,Richmond
-73.8729147,40.6405024,Spotted Lanternfly,1.0,24-Sep-2021,Kings
-74.0029972,40.74857,Spotted Lanternfly,1.0,24-Sep-2021,New York
-73.9938367,40.7210217,Spotted Lanternfly,1.0,24-Sep-2021,New York
-73.9763717,40.6707383,Spotted Lanternfly,1.0,19-Sep-2021,Kings
-74.0162972,40.6870717,Spotted Lanternfly,1.0,18-Sep-2021,New York
-74.0086139,40.7094383,Spotted Lanternfly,1.0,07-Sep-2021,New York
-73.9729467,40.7790033,Spotted Lanternfly,1.0,24-Sep-2021,New York
-73.9542551,40.690551,Spotted Lanternfly,1.0,25-Sep-2021,Kings
-73.9666258,40.7859425,Spotted Lanternfly,1.0,21-Aug-2021,New York
-74.025999,40.6853736,Spotted Lanternfly,1.0,25-Sep-2021,New York
-73.9455998,40.6775698,Spotted Lanternfly,1.0,25-Sep-2021,Kings
-73.827286,40.851912,Spotted Lanternfly,1.0,25-Sep-2021,Bronx
-73.8620718,40.6430223,Spotted Lanternfly,1.0,25-Sep-2021,Kings
-73.8811973,40.562605,Spotted Lanternfly,1.0,25-Sep-2021,Queens
-73.9412342,40.8510551,Spotted Lanternfly,1.0,25-Sep-2021,New York
-74.1658599,40.5818451,Spotted Lanternfly,1.0,25-Sep-2021,Richmond
-74.150965,40.5975422,Spotted Lanternfly,1.0,24-Sep-2021,Richmond
-73.9773167,40.7568083,Spotted Lanternfly,1.0,25-Sep-2021,New York
-74.0177284,40.7068918,Spotted Lanternfly,1.0,16-Aug-2021,New York
-73.9995724,40.6947135,Spotted Lanternfly,1.0,19-Sep-2021,Kings
-73.9707028,40.74455,Spotted Lanternfly,1.0,12-Sep-2021,New York
-74.0125411,40.7016887,Spotted Lanternfly,1.0,26-Sep-2021,New York
-74.110604,40.5668621,Spotted Lanternfly,1.0,14-Sep-2021,Richmond
-73.9274533,40.8704417,Spotted Lanternfly,1.0,26-Sep-2021,New York
-74.175672,40.530737,Spotted Lanternfly,1.0,07-Sep-2021,Richmond
-73.99672,40.7026283,Spotted Lanternfly,1.0,21-Sep-2021,New York
-73.9512472,40.8152778,Spotted Lanternfly,1.0,21-Sep-2021,New York
-74.0074695,40.7034133,Spotted Lanternfly,1.0,27-Sep-2021,New York
-74.003654,40.6514053,Spotted Lanternfly,1.0,27-Sep-2021,Kings
-74.0173123,40.6305492,Spotted Lanternfly,1.0,27-Sep-2021,Kings
-73.9741874,40.6920638,Spotted Lanternfly,1.0,18-Sep-2021,Kings
-74.167447,40.602024,Spotted Lanternfly,1.0,11-Sep-2021,Richmond
-73.9584024,40.8244406,Spotted Lanternfly,1.0,27-Sep-2021,New York
-73.9223867,40.6891417,Spotted Lanternfly,1.0,06-Sep-2021,Kings
-73.98147,40.768695,Spotted Lanternfly,1.0,13-Aug-2021,New York
-73.9612967,40.8022883,Spotted Lanternfly,1.0,29-Sep-2021,New York
-73.96488,40.768725,Spotted Lanternfly,1.0,14-Sep-2021,New York
-73.9498401,40.8160933,Spotted Lanternfly,1.0,25-Sep-2021,New York
-73.9680505,40.6427288,Spotted Lanternfly,1.0,01-Oct-2021,Kings
-73.973608,40.685536,Spotted Lanternfly,1.0,01-Oct-2021,Kings
-73.9775749,40.7112977,Spotted Lanternfly,1.0,01-Oct-2021,New York
-73.815846,40.608073,Spotted Lanternfly,1.0,01-Oct-2021,Queens
-73.9729217,40.7791283,Spotted Lanternfly,1.0,01-Oct-2021,New York
-73.8016133,40.5875367,Spotted Lanternfly,1.0,06-Sep-2021,Queens
-73.9216917,40.70865,Spotted Lanternfly,1.0,06-Sep-2021,Kings
-73.9687533,40.78088,Spotted Lanternfly,1.0,06-Sep-2021,New York
-73.938195,40.7477583,Spotted Lanternfly,1.0,06-Sep-2021,Queens
-73.9578094,40.733139,Spotted Lanternfly,1.0,06-Sep-2021,Kings
-74.0394095,40.6154068,Spotted Lanternfly,1.0,06-Sep-2021,Kings
-74.0254685,40.6861194,Spotted Lanternfly,1.0,06-Sep-2021,New York
-73.9438333,40.77538,Spotted Lanternfly,1.0,06-Sep-2021,New York
-73.9746413,40.7763799,Spotted Lanternfly,1.0,06-Sep-2021,New York
-73.980288,40.6603315,Spotted Lanternfly,1.0,05-Sep-2021,Kings
-73.974892,40.7761077,Spotted Lanternfly,1.0,04-Sep-2021,New York
-73.9750057,40.7761382,Spotted Lanternfly,1.0,04-Sep-2021,New York
-73.9514645,40.7588881,Spotted Lanternfly,1.0,04-Sep-2021,New York
-73.8995343,40.5581501,Spotted Lanternfly,1.0,03-Sep-2021,Queens
-74.1657981,40.5988021,Spotted Lanternfly,1.0,06-Sep-2021,Richmond
-73.9745944,40.7763848,Spotted Lanternfly,1.0,03-Sep-2021,New York
-73.971249,40.7830451,Spotted Lanternfly,1.0,03-Sep-2021,New York
-73.9746846,40.7761265,Spotted Lanternfly,1.0,03-Sep-2021,New York
-73.965434,40.782416,Spotted Lanternfly,1.0,03-Sep-2021,New York
-73.9747961,40.7765544,Spotted Lanternfly,1.0,03-Sep-2021,New York
-73.974691,40.7763754,Spotted Lanternfly,1.0,03-Sep-2021,New York
-74.0103389,40.7422467,Spotted Lanternfly,1.0,02-Sep-2021,New York
-73.9796441,40.6784589,Spotted Lanternfly,1.0,06-Sep-2021,Kings
-73.9753038,40.776448,Spotted Lanternfly,1.0,03-Sep-2021,New York
-73.9772169,40.6808897,Spotted Lanternfly,1.0,03-Sep-2021,Kings
-73.9750924,40.7756302,Spotted Lanternfly,1.0,03-Sep-2021,New York
-73.9784896,40.6789706,Spotted Lanternfly,1.0,18-Aug-2021,Kings
-73.9298083,40.75337,Spotted Lanternfly,1.0,03-Sep-2021,Queens
-73.9753668,40.7759461,Spotted Lanternfly,1.0,02-Sep-2021,New York
-73.9976583,40.7306867,Spotted Lanternfly,1.0,01-Sep-2021,New York
-73.9924708,40.6587365,Spotted Lanternfly,1.0,02-Sep-2021,Kings
-73.9848111,40.6525472,Spotted Lanternfly,1.0,31-Aug-2021,Kings
-73.9861667,40.6517917,Spotted Lanternfly,1.0,31-Aug-2021,Kings
-73.9661012,40.787909,Spotted Lanternfly,1.0,31-Aug-2021,New York
-73.9748002,40.7761838,Spotted Lanternfly,1.0,31-Aug-2021,New York
-73.9861667,40.6519139,Spotted Lanternfly,1.0,31-Aug-2021,Kings
-73.9749158,40.7762446,Spotted Lanternfly,1.0,31-Aug-2021,New York
-73.9861444,40.6519306,Spotted Lanternfly,1.0,31-Aug-2021,Kings
-73.9860306,40.6519667,Spotted Lanternfly,1.0,31-Aug-2021,Kings
-73.9861528,40.6519278,Spotted Lanternfly,1.0,31-Aug-2021,Kings
-73.9999917,40.595245,Spotted Lanternfly,1.0,25-Aug-2021,Kings
-73.9657901,40.787878,Spotted Lanternfly,1.0,31-Aug-2021,New York
-74.2444839,40.4928093,Spotted Lanternfly,1.0,31-Aug-2021,Richmond
-73.9923865,40.6755922,Spotted Lanternfly,1.0,30-Aug-2021,Kings
-73.9659639,40.7879639,Spotted Lanternfly,1.0,31-Aug-2021,New York
-73.9236388,40.8585653,Spotted Lanternfly,1.0,31-Aug-2021,New York
-73.9592017,40.788674,Spotted Lanternfly,1.0,31-Aug-2021,New York
-73.9659285,40.787975,Spotted Lanternfly,1.0,31-Aug-2021,New York
-74.0191435,40.7068553,Spotted Lanternfly,1.0,31-Aug-2021,New York
-73.9430318,40.7431933,Spotted Lanternfly,1.0,28-Aug-2021,Queens
-73.9748294,40.7764397,Spotted Lanternfly,1.0,28-Aug-2021,New York
-74.1733283,40.5862917,Spotted Lanternfly,1.0,30-Aug-2021,Richmond
-73.9639832,40.6513057,Spotted Lanternfly,1.0,29-Aug-2021,Kings
-74.0246003,40.68683,Spotted Lanternfly,1.0,29-Aug-2021,New York
-74.0117604,40.7130926,Spotted Lanternfly,1.0,29-Aug-2021,New York
-74.0117604,40.7130926,Spotted Lanternfly,1.0,29-Aug-2021,New York
-74.0916369,40.6453484,Spotted Lanternfly,1.0,30-Aug-2021,Richmond
-74.1733667,40.5863216,Spotted Lanternfly,1.0,30-Aug-2021,Richmond
-73.9431533,40.8105717,Spotted Lanternfly,1.0,28-Aug-2021,New York
-73.968647,40.6732594,Spotted Lanternfly,1.0,29-Aug-2021,Kings
-73.9749411,40.7764203,Spotted Lanternfly,1.0,28-Aug-2021,New York
-73.9748766,40.7764756,Spotted Lanternfly,1.0,28-Aug-2021,New York
-73.9686631,40.7792658,Spotted Lanternfly,1.0,28-Aug-2021,New York
-74.1524105,40.560329,Spotted Lanternfly,1.0,28-Aug-2021,Richmond
-73.97485,40.77651,Spotted Lanternfly,1.0,28-Aug-2021,New York
-73.9745636,40.7763962,Spotted Lanternfly,1.0,28-Aug-2021,New York
-73.9699783,40.77997,Spotted Lanternfly,1.0,28-Aug-2021,New York
-73.9379967,40.7518967,Spotted Lanternfly,1.0,28-Aug-2021,Queens
-73.9669333,40.702075,Spotted Lanternfly,1.0,26-Aug-2021,Kings
-73.9901967,40.690705,Spotted Lanternfly,1.0,26-Aug-2021,Kings
-74.0214612,40.6908133,Spotted Lanternfly,1.0,25-Aug-2021,New York
-73.954375,40.8058383,Spotted Lanternfly,1.0,29-Aug-2021,New York
-73.9829597,40.6947031,Spotted Lanternfly,1.0,29-Aug-2021,Kings
-74.245545,40.506195,Spotted Lanternfly,1.0,29-Aug-2021,Richmond
-73.9943461,40.6463832,Spotted Lanternfly,1.0,26-Aug-2021,Kings
-74.0134111,40.7005217,Spotted Lanternfly,1.0,26-Aug-2021,New York
-73.9887538,40.7485983,Spotted Lanternfly,1.0,26-Aug-2021,New York
-73.9519667,40.778225,Spotted Lanternfly,1.0,26-Aug-2021,New York
-73.9744299,40.7589215,Spotted Lanternfly,1.0,25-Aug-2021,New York
-73.9753283,40.7404883,Spotted Lanternfly,1.0,26-Aug-2021,New York
-73.9430917,40.8105667,Spotted Lanternfly,1.0,26-Aug-2021,New York
-73.9774104,40.688221,Spotted Lanternfly,1.0,26-Aug-2021,Kings
-74.020325,40.6916467,Spotted Lanternfly,1.0,26-Aug-2021,New York
-73.9419398,40.575551,Spotted Lanternfly,1.0,24-Aug-2021,Kings
-74.0063414,40.7596187,Spotted Lanternfly,1.0,25-Aug-2021,New York
-74.159425,40.55487,Spotted Lanternfly,1.0,25-Aug-2021,Richmond
-74.004968,40.723058,Spotted Lanternfly,1.0,25-Aug-2021,New York
-74.1594167,40.5548883,Spotted Lanternfly,1.0,25-Aug-2021,Richmond
-73.9994843,40.7622504,Spotted Lanternfly,1.0,25-Aug-2021,New York
-73.9884095,40.7589374,Spotted Lanternfly,1.0,25-Aug-2021,New York
-73.9747049,40.7763504,Spotted Lanternfly,1.0,24-Aug-2021,New York
-74.080173,40.6288196,Spotted Lanternfly,1.0,24-Aug-2021,Richmond
-73.9746951,40.7763465,Spotted Lanternfly,1.0,24-Aug-2021,New York
-73.9747361,40.776187,Spotted Lanternfly,1.0,24-Aug-2021,New York
-73.9749631,40.7762296,Spotted Lanternfly,1.0,24-Aug-2021,New York
-73.9546087,40.8255609,Spotted Lanternfly,1.0,24-Aug-2021,New York
-74.2533059,40.5034828,Spotted Lanternfly,1.0,24-Aug-2021,Richmond
-73.9747043,40.7765105,Spotted Lanternfly,1.0,24-Aug-2021,New York
-73.9747734,40.7765033,Spotted Lanternfly,1.0,24-Aug-2021,New York
-73.9748407,40.7763991,Spotted Lanternfly,1.0,24-Aug-2021,New York
-73.9747988,40.7762762,Spotted Lanternfly,1.0,24-Aug-2021,New York
-73.9745871,40.7766144,Spotted Lanternfly,1.0,24-Aug-2021,New York
-73.9819573,40.7755724,Spotted Lanternfly,1.0,03-Aug-2022,New York
-73.9745613,40.7760202,Spotted Lanternfly,1.0,20-Aug-2021,New York
-73.995361,40.649476,Spotted Lanternfly,1.0,19-Aug-2021,Kings
-73.9741874,40.6920638,Spotted Lanternfly,1.0,20-Aug-2021,Kings
-73.9743678,40.7761975,Spotted Lanternfly,1.0,20-Aug-2021,New York
-73.9889533,40.6594917,Spotted Lanternfly,1.0,21-Aug-2021,Kings
-73.950195,40.8159633,Spotted Lanternfly,1.0,20-Aug-2021,New York
-73.959625,40.7324617,Spotted Lanternfly,1.0,18-Aug-2021,Kings
-74.1187138,40.619325,Spotted Lanternfly,1.0,18-Aug-2021,Richmond
-74.0151417,40.7114417,Spotted Lanternfly,1.0,19-Aug-2021,New York
-73.9796173,40.7779753,Spotted Lanternfly,1.0,18-Aug-2021,New York
-73.9245133,40.8561333,Spotted Lanternfly,1.0,04-Aug-2021,New York
-73.9889967,40.6586417,Spotted Lanternfly,1.0,18-Aug-2021,Kings
-73.9833167,40.6916389,Spotted Lanternfly,1.0,16-Aug-2021,Kings
-73.9596033,40.8013583,Spotted Lanternfly,1.0,17-Aug-2021,New York
-73.9555861,40.7935639,Spotted Lanternfly,1.0,11-Sep-2021,New York
-74.0111,40.7134033,Spotted Lanternfly,1.0,12-Aug-2021,New York
-73.8284391,40.5787932,Spotted Lanternfly,1.0,14-Aug-2021,Queens
-73.9571222,40.7476702,Spotted Lanternfly,1.0,15-Aug-2021,Queens
-73.8927305,40.8970086,Spotted Lanternfly,1.0,15-Aug-2021,Bronx
-73.9508883,40.76877,Spotted Lanternfly,1.0,15-Aug-2021,New York
-73.9355917,40.6035217,Spotted Lanternfly,1.0,15-Aug-2021,Kings
-73.8565343,40.8630998,Spotted Lanternfly,1.0,15-Aug-2021,Bronx
-73.9966283,40.7159217,Spotted Lanternfly,1.0,14-Aug-2021,New York
-73.995705,40.6488583,Spotted Lanternfly,1.0,17-Aug-2021,Kings
-73.994355,40.6563533,Spotted Lanternfly,1.0,03-Aug-2021,Kings
-73.9944167,40.656395,Spotted Lanternfly,1.0,16-Aug-2021,Kings
-74.2074762,40.5427911,Spotted Lanternfly,1.0,07-Aug-2021,Richmond
-74.1854269,40.5415922,Spotted Lanternfly,1.0,14-Aug-2021,Richmond
-74.013031,40.6740112,Spotted Lanternfly,1.0,14-Aug-2021,Kings
-73.8318224,40.5839769,Spotted Lanternfly,1.0,13-Aug-2021,Queens
-73.8083772,40.5842232,Spotted Lanternfly,1.0,14-Aug-2021,Queens
-73.949832,40.8327429,Spotted Lanternfly,1.0,14-Aug-2021,New York
-74.0057361,40.7151417,Spotted Lanternfly,1.0,13-Aug-2021,New York
-74.1670846,40.5941097,Spotted Lanternfly,1.0,14-Aug-2021,Richmond
-73.9577376,40.8223556,Spotted Lanternfly,1.0,13-Aug-2021,New York
-73.9507463,40.815881,Spotted Lanternfly,1.0,13-Aug-2021,New York
-73.9718167,40.7436,Spotted Lanternfly,1.0,13-Aug-2021,New York
-73.9569783,40.74433,Spotted Lanternfly,1.0,11-Aug-2021,Queens
-73.9977333,40.7614667,Spotted Lanternfly,1.0,12-Aug-2021,New York
-73.826768,40.860993,Spotted Lanternfly,1.0,10-Aug-2021,Bronx
-73.9893551,40.7735091,Spotted Lanternfly,1.0,12-Aug-2021,New York
-73.9916472,40.7508849,Spotted Lanternfly,1.0,12-Aug-2021,New York
-74.0003583,40.7546917,Spotted Lanternfly,1.0,09-Aug-2021,New York
-74.0993232,40.5599613,Spotted Lanternfly,1.0,07-Aug-2021,Richmond
-73.9697128,40.7852721,Spotted Lanternfly,1.0,10-Aug-2021,New York
-73.9647613,40.8131535,Spotted Lanternfly,1.0,10-Aug-2021,New York
-74.0136195,40.702255,Spotted Lanternfly,1.0,10-Aug-2021,New York
-73.9177833,40.8768556,Spotted Lanternfly,1.0,06-Aug-2021,Bronx
-73.9664374,40.8041401,Spotted Lanternfly,1.0,07-Aug-2021,New York
-73.9734117,40.79238,Spotted Lanternfly,1.0,03-Aug-2021,New York
-73.9928883,40.773095,Spotted Lanternfly,1.0,06-Aug-2021,New York
-73.9736459,40.7661849,Spotted Lanternfly,1.0,07-Aug-2021,New York
-73.9598389,40.7283944,Spotted Lanternfly,1.0,07-Aug-2021,Kings
-73.9699691,40.5744046,Spotted Lanternfly,1.0,07-Aug-2021,Kings
-74.0101951,40.7107044,Spotted Lanternfly,1.0,08-Aug-2021,New York
-73.9532178,40.7967544,Spotted Lanternfly,1.0,08-Aug-2021,New York
-74.1616258,40.6068181,Spotted Lanternfly,1.0,06-Aug-2021,Richmond
-73.9236103,40.8763561,Spotted Lanternfly,1.0,18-Sep-2021,New York
-73.9390446,40.8350065,Spotted Lanternfly,1.0,13-Jul-2022,New York
-74.1461339,40.5410624,Spotted Lanternfly,1.0,01-Oct-2020,Richmond
-74.1057139,40.5580306,Spotted Lanternfly,1.0,07-Sep-2020,Richmond
-73.9505828,40.716643,Spotted Lanternfly,1.0,12-Sep-2020,Kings
-73.9599377,40.8156055,Spotted Lanternfly,1.0,20-Sep-2022,New York
-73.9504584,40.6593568,Spotted Lanternfly,1.0,19-Sep-2022,Kings
-73.957018,40.7447139,Spotted Lanternfly,1.0,15-Sep-2022,Queens
-73.9572884,40.7452638,Spotted Lanternfly,1.0,15-Sep-2022,Queens
-73.9571023,40.7445963,Spotted Lanternfly,1.0,15-Sep-2022,Queens
-73.9572469,40.7446585,Spotted Lanternfly,1.0,15-Sep-2022,Queens
-73.9571146,40.7446256,Spotted Lanternfly,1.0,15-Sep-2022,Queens
-73.9557117,40.7444013,Spotted Lanternfly,1.0,15-Sep-2022,Queens
-73.9589712,40.7437368,Spotted Lanternfly,1.0,15-Sep-2022,Queens
-73.9550246,40.7476174,Spotted Lanternfly,1.0,15-Sep-2022,Queens
-73.9568637,40.746151,Spotted Lanternfly,1.0,15-Sep-2022,Queens
-73.9748888,40.7762167,Spotted Lanternfly,1.0,02-Sep-2021,New York
-73.9982354,40.7532928,Spotted Lanternfly,1.0,25-Aug-2022,New York
-73.9119676,40.8796596,Spotted Lanternfly,1.0,25-Aug-2022,Bronx
-74.0015046,40.754644,Spotted Lanternfly,1.0,28-Aug-2022,New York
-73.9812969,40.7703829,Spotted Lanternfly,1.0,26-Aug-2022,New York
-73.9579539,40.7438026,Spotted Lanternfly,1.0,29-Aug-2022,Queens
-73.934969,40.5443079,Spotted Lanternfly,1.0,25-Aug-2021,Queens
-73.9821419,40.7733313,Spotted Lanternfly,1.0,12-Aug-2022,New York
-73.97663,40.7378667,Spotted Lanternfly,1.0,07-Sep-2021,New York
-74.0128333,40.7133533,Spotted Lanternfly,1.0,07-Sep-2021,New York
-74.0125711,40.7114358,Spotted Lanternfly,1.0,07-Sep-2021,New York
-73.9973831,40.7524376,Spotted Lanternfly,1.0,07-Sep-2021,New York
-74.0111385,40.709907,Spotted Lanternfly,1.0,07-Sep-2021,New York
-73.9654472,40.7871778,Spotted Lanternfly,1.0,07-Sep-2021,New York
-73.9662944,40.78685,Spotted Lanternfly,1.0,07-Sep-2021,New York
-73.9685222,40.7808889,Spotted Lanternfly,1.0,07-Sep-2021,New York
-73.9666222,40.788175,Spotted Lanternfly,1.0,07-Sep-2021,New York
-73.9658056,40.7878417,Spotted Lanternfly,1.0,07-Sep-2021,New York
-73.9908051,40.6627953,Spotted Lanternfly,1.0,08-Sep-2021,Kings
-74.0063556,40.749375,Spotted Lanternfly,1.0,07-Sep-2021,New York
-74.0108028,40.73837,Spotted Lanternfly,1.0,07-Sep-2021,New York
-73.9458771,40.8103983,Spotted Lanternfly,1.0,08-Sep-2021,New York
-73.9432044,40.7344259,Spotted Lanternfly,1.0,07-Sep-2021,Kings
-73.9526913,40.6317387,Spotted Lanternfly,1.0,08-Sep-2021,Kings
-73.9748989,40.7761411,Spotted Lanternfly,1.0,08-Sep-2021,New York
-73.9748526,40.7761196,Spotted Lanternfly,1.0,08-Sep-2021,New York
-73.9748585,40.7762761,Spotted Lanternfly,1.0,08-Sep-2021,New York
-73.9750038,40.7761513,Spotted Lanternfly,1.0,08-Sep-2021,New York
-74.0159139,40.7092133,Spotted Lanternfly,1.0,09-Sep-2021,New York
-74.0166639,40.7160867,Spotted Lanternfly,1.0,08-Sep-2021,New York
-74.006517,40.7515973,Spotted Lanternfly,1.0,08-Sep-2021,New York
-74.0150611,40.7163,Spotted Lanternfly,1.0,08-Sep-2021,New York
-74.0150139,40.7164833,Spotted Lanternfly,1.0,08-Sep-2021,New York
-74.016075,40.7160333,Spotted Lanternfly,1.0,08-Sep-2021,New York
-74.0167167,40.71633,Spotted Lanternfly,1.0,08-Sep-2021,New York
-74.0158778,40.717495,Spotted Lanternfly,1.0,08-Sep-2021,New York
-74.0155722,40.717555,Spotted Lanternfly,1.0,08-Sep-2021,New York
-74.0154111,40.717495,Spotted Lanternfly,1.0,08-Sep-2021,New York
-74.0150389,40.7173083,Spotted Lanternfly,1.0,08-Sep-2021,New York
-74.0154417,40.7173117,Spotted Lanternfly,1.0,08-Sep-2021,New York
-74.0154111,40.7172783,Spotted Lanternfly,1.0,08-Sep-2021,New York
-74.0153583,40.7172883,Spotted Lanternfly,1.0,08-Sep-2021,New York
-73.9819299,40.7690832,Spotted Lanternfly,1.0,09-Sep-2021,New York
-73.956608,40.692826,Spotted Lanternfly,1.0,10-Sep-2021,Kings
-74.0171661,40.7090988,Spotted Lanternfly,1.0,10-Sep-2021,New York
-74.0143758,40.7034904,Spotted Lanternfly,1.0,07-Sep-2021,New York
-73.9746314,40.7662257,Spotted Lanternfly,1.0,10-Oct-2021,New York
-73.9687868,40.7810534,Spotted Lanternfly,1.0,11-Oct-2021,New York
-74.1658408,40.5987819,Spotted Lanternfly,1.0,11-Oct-2021,Richmond
-73.9686489,40.781151,Spotted Lanternfly,1.0,11-Oct-2021,New York
-73.9305284,40.598305,Spotted Lanternfly,1.0,11-Oct-2021,Kings
-73.9819876,40.7693656,Spotted Lanternfly,1.0,03-Oct-2021,New York
-73.9885717,40.6593383,Spotted Lanternfly,1.0,05-Oct-2021,Kings
-73.9916694,40.7628028,Spotted Lanternfly,1.0,05-Oct-2021,New York
-73.9786162,40.7409445,Spotted Lanternfly,1.0,06-Oct-2021,New York
-73.9772235,40.7364962,Spotted Lanternfly,1.0,03-Oct-2021,New York
-73.9662873,40.7867018,Spotted Lanternfly,1.0,03-Oct-2021,New York
-73.9650731,40.7856088,Spotted Lanternfly,1.0,03-Oct-2021,New York
-73.9677491,40.7859495,Spotted Lanternfly,1.0,03-Oct-2021,New York
-73.87638,40.856505,Spotted Lanternfly,1.0,03-Oct-2021,Bronx
-73.96865,40.7810383,Spotted Lanternfly,1.0,01-Oct-2021,New York
-73.916244,40.7032553,Spotted Lanternfly,1.0,02-Oct-2021,Kings
-73.9705719,40.7866353,Spotted Lanternfly,1.0,02-Oct-2021,New York
-73.9305644,40.598312,Spotted Lanternfly,1.0,02-Oct-2021,Kings
-73.9521797,40.7467131,Spotted Lanternfly,1.0,03-Oct-2021,Queens
-73.9806398,40.7666281,Spotted Lanternfly,1.0,03-Oct-2021,New York
-73.9685022,40.78125,Spotted Lanternfly,1.0,01-Oct-2021,New York
-73.9849322,40.779283,Spotted Lanternfly,1.0,29-Sep-2021,New York
-74.139567,40.5996624,Spotted Lanternfly,1.0,12-Sep-2021,Richmond
-73.968647,40.7809155,Spotted Lanternfly,1.0,29-Sep-2021,New York
-73.9689828,40.7805312,Spotted Lanternfly,1.0,29-Sep-2021,New York
-73.9687742,40.7810003,Spotted Lanternfly,1.0,29-Sep-2021,New York
-73.9686277,40.7808983,Spotted Lanternfly,1.0,29-Sep-2021,New York
-73.9581907,40.8249707,Spotted Lanternfly,1.0,26-Sep-2021,New York
-73.9686039,40.7810838,Spotted Lanternfly,1.0,27-Sep-2021,New York
-73.9683633,40.7810211,Spotted Lanternfly,1.0,27-Sep-2021,New York
-73.9687324,40.781104,Spotted Lanternfly,1.0,27-Sep-2021,New York
-74.1964911,40.5507244,Spotted Lanternfly,1.0,18-Sep-2021,Richmond
-73.9686433,40.781028,Spotted Lanternfly,1.0,27-Sep-2021,New York
-73.9663782,40.7867508,Spotted Lanternfly,1.0,27-Sep-2021,New York
-73.9664057,40.7867324,Spotted Lanternfly,1.0,27-Sep-2021,New York
-74.0463447,40.6908334,Spotted Lanternfly,1.0,27-Sep-2021,New York
-73.9664057,40.7867324,Spotted Lanternfly,1.0,27-Sep-2021,New York
-74.0463447,40.6908334,Spotted Lanternfly,1.0,27-Sep-2021,New York
-74.0446033,40.690471,Spotted Lanternfly,1.0,27-Sep-2021,New York
-73.9663776,40.7867242,Spotted Lanternfly,1.0,27-Sep-2021,New York
-73.9663912,40.7867523,Spotted Lanternfly,1.0,27-Sep-2021,New York
-74.0452005,40.6907041,Spotted Lanternfly,1.0,27-Sep-2021,New York
-73.968478,40.7810252,Spotted Lanternfly,1.0,26-Sep-2021,New York
-73.9689393,40.7808133,Spotted Lanternfly,1.0,26-Sep-2021,New York
-73.9687383,40.7804764,Spotted Lanternfly,1.0,26-Sep-2021,New York
-73.903042,40.775783,Spotted Lanternfly,1.0,26-Sep-2021,Queens
-73.9873139,40.6926222,Spotted Lanternfly,1.0,16-Sep-2021,Kings
-73.9567867,40.74613,Spotted Lanternfly,1.0,18-Sep-2021,Queens
-73.9200367,40.7992833,Spotted Lanternfly,1.0,23-Sep-2021,New York
-73.920075,40.7993467,Spotted Lanternfly,1.0,23-Sep-2021,New York
-73.96985,40.675955,Spotted Lanternfly,1.0,23-Sep-2021,Kings
-73.9685217,40.7810667,Spotted Lanternfly,1.0,20-Sep-2021,New York
-73.9685667,40.78122,Spotted Lanternfly,1.0,20-Sep-2021,New York
-73.9597363,40.783858,Spotted Lanternfly,1.0,22-Sep-2021,New York
-73.996032,40.6819169,Spotted Lanternfly,1.0,22-Sep-2021,Kings
-73.9598526,40.7837407,Spotted Lanternfly,1.0,22-Sep-2021,New York
-73.9900667,40.7328033,Spotted Lanternfly,1.0,21-Sep-2021,New York
-74.0184167,40.707225,Spotted Lanternfly,1.0,21-Sep-2021,New York
-74.1072167,40.6419417,Spotted Lanternfly,1.0,20-Sep-2021,Richmond
-73.9662057,40.7867868,Spotted Lanternfly,1.0,21-Sep-2021,New York
-73.9898553,40.7706616,Spotted Lanternfly,1.0,21-Sep-2021,New York
-73.9286033,40.8487083,Spotted Lanternfly,1.0,21-Sep-2021,New York
-73.9662478,40.7867976,Spotted Lanternfly,1.0,21-Sep-2021,New York
-73.9821694,40.7764222,Spotted Lanternfly,1.0,20-Sep-2021,New York
-74.0157917,40.7151633,Spotted Lanternfly,1.0,21-Sep-2021,New York
-73.9505544,40.7822827,Spotted Lanternfly,1.0,20-Sep-2021,New York
-74.0448833,40.6893583,Spotted Lanternfly,1.0,20-Sep-2021,New York
-73.8665838,40.6398579,Spotted Lanternfly,1.0,18-Sep-2021,Kings
-74.0685934,40.5855497,Spotted Lanternfly,1.0,18-Sep-2021,Richmond
-73.9872133,40.6937867,Spotted Lanternfly,1.0,20-Sep-2021,Kings
-73.9684493,40.7771542,Spotted Lanternfly,1.0,19-Sep-2021,New York
-73.99288,40.6800117,Spotted Lanternfly,1.0,17-Sep-2021,Kings
-73.9685107,40.7769824,Spotted Lanternfly,1.0,19-Sep-2021,New York
-74.0058823,40.7060204,Spotted Lanternfly,1.0,18-Sep-2021,New York
-73.9589457,40.7436829,Spotted Lanternfly,1.0,19-Sep-2021,Queens
-73.9658008,40.7879601,Spotted Lanternfly,1.0,16-Sep-2021,New York
-73.9967583,40.76267,Spotted Lanternfly,1.0,18-Sep-2021,New York
-73.986289,40.6891367,Spotted Lanternfly,1.0,18-Sep-2021,Kings
-73.9865412,40.7144869,Spotted Lanternfly,1.0,17-Sep-2021,New York
-74.0027381,40.7549543,Spotted Lanternfly,1.0,18-Sep-2021,New York
-73.8796365,40.865184,Spotted Lanternfly,1.0,17-Sep-2021,Bronx
-73.9748867,40.7762416,Spotted Lanternfly,1.0,17-Sep-2021,New York
-73.7642258,40.7377078,Spotted Lanternfly,1.0,15-Sep-2021,Queens
-73.9700083,40.7688467,Spotted Lanternfly,1.0,15-Sep-2021,New York
-74.0114481,40.7101646,Spotted Lanternfly,1.0,16-Sep-2021,New York
-73.9634749,40.809503,Spotted Lanternfly,1.0,14-Sep-2021,New York
-73.9533167,40.77103,Spotted Lanternfly,1.0,15-Sep-2021,New York
-73.973725,40.779095,Spotted Lanternfly,1.0,15-Sep-2021,New York
-74.1132664,40.6203496,Spotted Lanternfly,1.0,11-Sep-2021,Richmond
-73.997995,40.7160867,Spotted Lanternfly,1.0,06-Sep-2021,New York
-73.9661008,40.7875922,Spotted Lanternfly,1.0,14-Sep-2021,New York
-73.8622253,40.567784,Spotted Lanternfly,1.0,14-Sep-2021,Queens
-74.0250694,40.6866917,Spotted Lanternfly,1.0,14-Sep-2021,New York
-73.9589056,40.7666306,Spotted Lanternfly,1.0,14-Sep-2021,New York
-73.9735033,40.701275,Spotted Lanternfly,1.0,14-Sep-2021,Kings
-73.817479,40.5827972,Spotted Lanternfly,1.0,11-Sep-2021,Queens
-74.0225654,40.7068828,Spotted Lanternfly,1.0,13-Sep-2021,New York
-73.9430617,40.81063,Spotted Lanternfly,1.0,14-Sep-2021,New York
-73.9908032,40.6684822,Spotted Lanternfly,1.0,14-Sep-2021,Kings
-73.87977,40.8655867,Spotted Lanternfly,1.0,13-Sep-2021,Bronx
-73.9891703,40.757213,Spotted Lanternfly,1.0,13-Sep-2021,New York
-73.987275,40.7552867,Spotted Lanternfly,1.0,13-Sep-2021,New York
-73.9784867,40.7916117,Spotted Lanternfly,1.0,13-Sep-2021,New York
-73.9912117,40.6855133,Spotted Lanternfly,1.0,13-Sep-2021,Kings
-73.9791333,40.687695,Spotted Lanternfly,1.0,13-Sep-2021,Kings
-74.0134255,40.7025078,Spotted Lanternfly,1.0,13-Sep-2021,New York
-74.0014111,40.7058917,Spotted Lanternfly,1.0,13-Sep-2021,New York
-74.0222001,40.6866113,Spotted Lanternfly,1.0,12-Sep-2021,New York
-74.1665112,40.5648117,Spotted Lanternfly,1.0,12-Sep-2021,Richmond
-73.8876883,40.8823917,Spotted Lanternfly,1.0,11-Sep-2021,Bronx
-73.9588373,40.7440918,Spotted Lanternfly,1.0,12-Sep-2021,Queens
-73.9922167,40.6838867,Spotted Lanternfly,1.0,12-Sep-2021,Kings
-74.0152161,40.706941,Spotted Lanternfly,1.0,12-Sep-2021,New York
-73.984755,40.6525633,Spotted Lanternfly,1.0,11-Sep-2021,Kings
-73.9747664,40.7760388,Spotted Lanternfly,1.0,11-Sep-2021,New York
-74.0453363,40.6907898,Spotted Lanternfly,1.0,11-Sep-2021,New York
-74.001084,40.7549573,Spotted Lanternfly,1.0,11-Sep-2021,New York
-74.0463715,40.6897964,Spotted Lanternfly,1.0,11-Sep-2021,New York
-74.0130917,40.709295,Spotted Lanternfly,1.0,11-Sep-2021,New York
-73.987625,40.7225917,Spotted Lanternfly,1.0,11-Sep-2021,New York
-74.1108227,40.6259905,Spotted Lanternfly,1.0,11-Sep-2021,Richmond
-73.972695,40.7011967,Spotted Lanternfly,1.0,07-Sep-2021,Kings
-74.0224305,40.68983,Spotted Lanternfly,1.0,11-Sep-2021,New York
-74.0023465,40.7534737,Spotted Lanternfly,1.0,11-Sep-2021,New York
-73.9163133,40.7978133,Spotted Lanternfly,1.0,10-Sep-2021,New York
-74.0023786,40.7534535,Spotted Lanternfly,1.0,11-Sep-2021,New York
-73.9164117,40.79765,Spotted Lanternfly,1.0,10-Sep-2021,New York
-74.0937304,40.6139108,Spotted Lanternfly,1.0,11-Sep-2021,Richmond
-73.9839555,40.6566393,Spotted Lanternfly,1.0,10-Sep-2021,Kings
-73.9864886,40.7768158,Spotted Lanternfly,1.0,05-Sep-2021,New York
-73.8645053,40.7330212,Spotted Lanternfly,1.0,10-Sep-2021,Queens
-73.9644982,40.6594514,Spotted Lanternfly,1.0,10-Sep-2021,Kings
-74.0007083,40.6925883,Spotted Lanternfly,1.0,09-Sep-2021,Kings
-73.9164717,40.7976583,Spotted Lanternfly,1.0,09-Sep-2021,New York
-73.9910967,40.7300917,Spotted Lanternfly,1.0,07-Sep-2021,New York
-73.9726633,40.73738,Spotted Lanternfly,1.0,07-Sep-2021,New York
-73.9859833,40.7160183,Spotted Lanternfly,1.0,07-Sep-2021,New York
-73.9747286,40.7763159,Spotted Lanternfly,1.0,08-Sep-2021,New York
-73.9979129,40.5805725,Spotted Lanternfly,1.0,08-Sep-2021,Kings
-73.9883033,40.7324467,Spotted Lanternfly,1.0,07-Sep-2021,New York
-74.0151583,40.7181917,Spotted Lanternfly,1.0,07-Sep-2021,New York
-74.0141086,40.6907138,Spotted Lanternfly,1.0,08-Sep-2021,New York
-73.9658869,40.7879559,Spotted Lanternfly,1.0,07-Sep-2021,New York
-73.9651138,40.7883255,Spotted Lanternfly,1.0,07-Sep-2021,New York
-73.9688625,40.781006,Spotted Lanternfly,1.0,07-Sep-2021,New York
-73.9669101,40.7876222,Spotted Lanternfly,1.0,07-Sep-2021,New York
-73.942104,40.7762905,Spotted Lanternfly,1.0,07-Sep-2021,New York
-73.9762653,40.7123256,Spotted Lanternfly,1.0,07-Sep-2021,New York
-73.97673,40.7667617,Spotted Lanternfly,1.0,06-Sep-2021,New York
-73.9749557,40.7762346,Spotted Lanternfly,1.0,06-Sep-2021,New York
-73.9686855,40.7808304,Spotted Lanternfly,1.0,06-Sep-2021,New York
-73.9686958,40.7805305,Spotted Lanternfly,1.0,06-Sep-2021,New York
-73.9742522,40.7767183,Spotted Lanternfly,1.0,06-Sep-2021,New York
-74.2179033,40.5087542,Spotted Lanternfly,1.0,06-Sep-2021,Richmond
-74.223214,40.5474293,Spotted Lanternfly,1.0,06-Sep-2021,Richmond
-74.0034778,40.6565883,Spotted Lanternfly,1.0,01-Sep-2021,Kings
-73.9217391,40.872099,Hemlock Woolly Adelgid,1.0,04-May-2020,New York
-73.9239229,40.8669518,Hemlock Woolly Adelgid,1.0,18-Apr-2020,New York
-73.8759781,40.8646097,Hemlock Woolly Adelgid,1.0,01-Jun-2017,Bronx
-74.22078,40.50463,Emerald Ash Borer,1.0,22-Aug-2019,Richmond
-74.139972,40.550395,Brown Marmorated Stink Bug,1.0,26-Jul-2011,Richmond
-73.798322,40.755487,Brown Marmorated Stink Bug,1.0,01-Aug-2011,Queens
-73.798322,40.755487,Brown Marmorated Stink Bug,1.0,05-Aug-2011,Queens
-74.1463668,40.5840831,Spotted Lanternfly,1.0,09-Aug-2020,Richmond
-74.147925,40.616345,Spotted Lanternfly,1.0,02-Sep-2021,Richmond
-74.1630052,40.5719228,Spotted Lanternfly,1.0,25-Nov-2020,Richmond
-74.0573464,40.6067369,Spotted Lanternfly,1.0,06-Jul-2021,Richmond
-73.94779,40.7710438,Spotted Lanternfly,2.0,29-Aug-2021,New York
-74.0959549,40.5752451,Spotted Lanternfly,1.0,28-Aug-2021,Richmond
-73.9723814,40.7587436,Spotted Lanternfly,2.0,27-Aug-2021,New York
-73.9809,40.7655,Spotted Lanternfly,20.0,26-Aug-2021,New York
-74.2270662,40.5492512,Spotted Lanternfly,1.0,26-Aug-2021,Richmond
-74.0138639,40.7146583,Spotted Lanternfly,1.0,25-Aug-2021,New York
-73.9909,40.6628806,Spotted Lanternfly,1.0,25-Aug-2021,Kings
-73.9377201,40.7490987,Spotted Lanternfly,1.0,25-Aug-2021,Queens
-74.1129608,40.56987,Spotted Lanternfly,1.0,25-Aug-2021,Richmond
-73.9254487,40.5476174,Spotted Lanternfly,1.0,25-Aug-2021,Queens
-73.9657377,40.788065,Spotted Lanternfly,1.0,31-Aug-2021,New York
-73.9621658,40.7179756,Spotted Lanternfly,1.0,25-Aug-2021,Kings
-73.9718783,40.5746783,Spotted Lanternfly,1.0,24-Aug-2021,Kings
-74.0123827,40.7109242,Spotted Lanternfly,1.0,25-Aug-2021,New York
-73.9645383,40.709495,Spotted Lanternfly,1.0,25-Aug-2021,Kings
-74.1016306,40.6376306,Spotted Lanternfly,1.0,25-Aug-2021,Richmond
-73.957174,40.763449,Spotted Lanternfly,1.0,25-Aug-2021,New York
-73.929022,40.7649055,Spotted Lanternfly,1.0,25-Aug-2021,Queens
-73.8763833,40.5666194,Spotted Lanternfly,1.0,24-Aug-2021,Queens
-73.9907917,40.6628639,Spotted Lanternfly,1.0,24-Aug-2021,Kings
-73.957378,40.8087404,Spotted Lanternfly,1.0,23-Aug-2021,New York
-74.1812356,40.555515,Spotted Lanternfly,1.0,23-Aug-2021,Richmond
-73.9957406,40.6491124,Spotted Lanternfly,1.0,23-Aug-2021,Kings
-74.0025879,40.7355062,Spotted Lanternfly,1.0,12-Aug-2021,New York
-73.9252167,40.8525658,Spotted Lanternfly,1.0,23-Aug-2021,New York
-73.9237869,40.7909014,Spotted Lanternfly,1.0,23-Aug-2021,New York
-73.9871472,40.7701726,Spotted Lanternfly,1.0,13-Aug-2021,New York
-73.9956667,40.6490633,Spotted Lanternfly,1.0,21-Aug-2021,Kings
-74.1112671,40.5667076,Spotted Lanternfly,1.0,21-Aug-2021,Richmond
-73.9747995,40.7667458,Spotted Lanternfly,1.0,21-Aug-2021,New York
-73.9815521,40.6891899,Spotted Lanternfly,1.0,15-Aug-2021,Kings
-73.9501333,40.8303867,Spotted Lanternfly,1.0,20-Aug-2021,New York
-74.0017761,40.760346,Spotted Lanternfly,1.0,12-Aug-2021,New York
-74.0127143,40.6775676,Spotted Lanternfly,1.0,20-Aug-2021,Kings
-74.0024475,40.755438,Spotted Lanternfly,1.0,09-Aug-2021,New York
-73.9819292,40.7664075,Spotted Lanternfly,1.0,21-Aug-2022,New York
-73.980882,40.7666232,Spotted Lanternfly,1.0,21-Aug-2022,New York
-74.1812695,40.5555766,Spotted Lanternfly,1.0,19-Aug-2021,Richmond
-73.968084,40.6427158,Spotted Lanternfly,1.0,24-May-2022,Kings
-73.9500049,40.8318772,Spotted Lanternfly,1.0,18-Aug-2021,New York
-73.9511333,40.832655,Spotted Lanternfly,1.0,18-Aug-2021,New York
-73.9680843,40.6427018,Spotted Lanternfly,1.0,24-May-2022,Kings
-73.9985392,40.6529476,Spotted Lanternfly,1.0,18-Aug-2021,Kings
-73.9680776,40.642696,Spotted Lanternfly,1.0,24-May-2022,Kings
-74.1561869,40.5558825,Spotted Lanternfly,1.0,24-May-2022,Richmond
-73.9938176,40.6508858,Spotted Lanternfly,1.0,18-Aug-2021,Kings
-73.995327,40.649537,Spotted Lanternfly,1.0,18-Aug-2021,Kings
-73.9986419,40.6530469,Spotted Lanternfly,1.0,18-Aug-2021,Kings
-73.9712311,40.6452409,Spotted Lanternfly,1.0,24-May-2022,Kings
-73.9680485,40.6427196,Spotted Lanternfly,1.0,18-Aug-2021,Kings
-73.998541,40.6530084,Spotted Lanternfly,1.0,18-Aug-2021,Kings
-73.9651373,40.6756155,Spotted Lanternfly,1.0,25-May-2022,Kings
-73.9680662,40.6427026,Spotted Lanternfly,1.0,24-May-2022,Kings
-73.9505167,40.829175,Spotted Lanternfly,1.0,18-Aug-2021,New York
-73.9500117,40.831745,Spotted Lanternfly,1.0,18-Aug-2021,New York
-73.9680914,40.6426955,Spotted Lanternfly,1.0,27-May-2022,Kings
-73.9500367,40.8317667,Spotted Lanternfly,1.0,18-Aug-2021,New York
-73.9500667,40.8321833,Spotted Lanternfly,1.0,18-Aug-2021,New York
-73.9636955,40.8069929,Spotted Lanternfly,1.0,16-Aug-2021,New York
-74.0113442,40.7154822,Spotted Lanternfly,1.0,18-Aug-2021,New York
-73.8428574,40.7194862,Spotted Lanternfly,1.0,12-Aug-2021,Queens
-73.8428583,40.7194867,Spotted Lanternfly,1.0,12-Aug-2021,Queens
-74.082551,40.610616,Spotted Lanternfly,1.0,17-Aug-2021,Richmond
-74.00747,40.7199478,Spotted Lanternfly,1.0,16-Aug-2021,New York
-74.0210799,40.6906543,Spotted Lanternfly,1.0,17-Aug-2021,New York
-74.212775,40.548,Spotted Lanternfly,1.0,26-May-2022,Richmond
-73.9612689,40.7940745,Spotted Lanternfly,1.0,26-May-2022,New York
-74.1877667,40.57878,Spotted Lanternfly,1.0,25-May-2022,Richmond
-73.9774783,40.7619467,Spotted Lanternfly,1.0,17-Aug-2021,New York
-74.015682,40.7095758,Spotted Lanternfly,1.0,17-Aug-2021,New York
-73.9680693,40.6427156,Spotted Lanternfly,1.0,27-May-2022,Kings
-74.0027761,40.7082123,Spotted Lanternfly,1.0,17-Aug-2021,New York
-73.948972,40.769365,Spotted Lanternfly,1.0,16-Aug-2021,New York
-73.9813636,40.7690032,Spotted Lanternfly,1.0,16-Aug-2021,New York
-74.1025139,40.6418361,Spotted Lanternfly,1.0,16-Aug-2021,Richmond
-73.9611583,40.7197917,Spotted Lanternfly,1.0,27-May-2022,Kings
-73.9874671,40.775628,Spotted Lanternfly,1.0,16-Aug-2021,New York
-73.9627573,40.7710663,Spotted Lanternfly,1.0,16-Aug-2021,New York
-73.9671749,40.7935436,Spotted Lanternfly,1.0,09-Aug-2021,New York
-73.9557258,40.7937986,Spotted Lanternfly,1.0,26-May-2022,New York
-74.1850475,40.5230353,Spotted Lanternfly,1.0,15-Aug-2021,Richmond
-73.9987906,40.65418,Spotted Lanternfly,1.0,15-Aug-2021,Kings
-74.0256006,40.6847854,Spotted Lanternfly,1.0,03-Sep-2021,New York
-73.8500667,40.753625,Spotted Lanternfly,1.0,15-Aug-2021,Queens
-73.9819895,40.7770594,Spotted Lanternfly,1.0,15-Aug-2021,New York
-73.9710917,40.6487617,Spotted Lanternfly,1.0,15-Aug-2021,Kings
-73.9856867,40.723295,Spotted Lanternfly,1.0,15-Aug-2021,New York
-73.9632906,40.6497471,Spotted Lanternfly,1.0,15-Aug-2021,Kings
-73.948983,40.769321,Spotted Lanternfly,1.0,15-Aug-2021,New York
-73.9743562,40.7523545,Spotted Lanternfly,1.0,12-Aug-2021,New York
-73.9674699,40.7564828,Spotted Lanternfly,1.0,14-Aug-2021,New York
-73.9806408,40.7551644,Spotted Lanternfly,1.0,14-Aug-2021,New York
-73.8949966,40.8815327,Spotted Lanternfly,1.0,14-Aug-2021,Bronx
-74.0200213,40.6532567,Spotted Lanternfly,1.0,14-Aug-2021,Kings
-74.0131927,40.6551541,Spotted Lanternfly,1.0,14-Aug-2021,Kings
-74.0133167,40.6552294,Spotted Lanternfly,1.0,14-Aug-2021,Kings
-74.0132377,40.6551825,Spotted Lanternfly,1.0,14-Aug-2021,Kings
-74.0132792,40.6552045,Spotted Lanternfly,1.0,14-Aug-2021,Kings
-73.9919874,40.7731582,Spotted Lanternfly,1.0,14-Aug-2021,New York
-74.0094474,40.7465386,Spotted Lanternfly,1.0,14-Aug-2021,New York
-74.007357,40.705254,Spotted Lanternfly,1.0,13-Aug-2021,New York
-73.9917833,40.77338,Spotted Lanternfly,1.0,13-Aug-2021,New York
-73.9804833,40.760045,Spotted Lanternfly,1.0,13-Aug-2021,New York
-73.9605078,40.721374,Spotted Lanternfly,1.0,13-Aug-2021,Kings
-74.2444217,40.4975667,Spotted Lanternfly,1.0,27-May-2022,Richmond
-74.0027542,40.7546005,Spotted Lanternfly,1.0,13-Aug-2021,New York
-73.954185,40.7745012,Spotted Lanternfly,1.0,13-Aug-2021,New York
-73.9914467,40.7024117,Spotted Lanternfly,1.0,13-Aug-2021,Kings
-73.9795112,40.7644385,Spotted Lanternfly,1.0,12-Aug-2021,New York
-74.0684617,40.5920631,Spotted Lanternfly,1.0,12-Aug-2021,Richmond
-73.8010784,40.5982821,Spotted Lanternfly,1.0,12-Aug-2021,Queens
-73.96463,40.6697667,Spotted Lanternfly,1.0,28-Jul-2021,Kings
-74.180205,40.5694667,Spotted Lanternfly,1.0,12-Aug-2021,Richmond
-73.9680612,40.6426993,Spotted Lanternfly,1.0,27-May-2022,Kings
-74.1779467,40.57375,Spotted Lanternfly,1.0,12-Aug-2021,Richmond
-74.016975,40.7149783,Spotted Lanternfly,1.0,12-Aug-2021,New York
-73.9680676,40.6426965,Spotted Lanternfly,1.0,27-May-2022,Kings
-73.9750243,40.7666397,Spotted Lanternfly,1.0,25-May-2022,New York
-73.968087,40.6426955,Spotted Lanternfly,1.0,27-May-2022,Kings
-73.9588338,40.8216046,Spotted Lanternfly,1.0,13-Aug-2021,New York
-73.9384501,40.7487273,Spotted Lanternfly,1.0,12-Aug-2021,Queens
-73.9680867,40.6427179,Spotted Lanternfly,1.0,29-May-2022,Kings
-74.1771389,40.6138333,Spotted Lanternfly,1.0,11-Aug-2021,Richmond
-74.0124226,40.7109237,Spotted Lanternfly,1.0,11-Aug-2021,New York
-74.0095746,40.6729081,Spotted Lanternfly,1.0,11-Aug-2021,Kings
-73.99202,40.773925,Spotted Lanternfly,1.0,10-Aug-2021,New York
-73.9680552,40.6427301,Spotted Lanternfly,1.0,29-May-2022,Kings
-73.989092,40.7774021,Spotted Lanternfly,1.0,10-Aug-2021,New York
-73.9871902,40.7346497,Spotted Lanternfly,1.0,10-Aug-2021,New York
-73.9761117,40.786655,Spotted Lanternfly,1.0,10-Aug-2021,New York
-73.9680827,40.6427242,Spotted Lanternfly,1.0,28-May-2022,Kings
-73.9594193,40.7430458,Spotted Lanternfly,1.0,10-Aug-2021,Queens
-73.9680931,40.6427224,Spotted Lanternfly,1.0,28-May-2022,Kings
-73.9633402,40.8110697,Spotted Lanternfly,1.0,10-Aug-2021,New York
-73.9818035,40.7664721,Spotted Lanternfly,1.0,08-Aug-2021,New York
-73.9397792,40.8475992,Spotted Lanternfly,1.0,09-Aug-2021,New York
-73.9676583,40.7873033,Spotted Lanternfly,1.0,09-Aug-2021,New York
-73.9560023,40.8231633,Spotted Lanternfly,1.0,29-May-2022,New York
-73.8824333,40.6914694,Spotted Lanternfly,1.0,10-Aug-2021,Queens
-73.8816334,40.6905278,Spotted Lanternfly,1.0,10-Aug-2021,Queens
-73.9006457,40.6881032,Spotted Lanternfly,1.0,29-May-2022,Kings
-73.9680726,40.6427151,Spotted Lanternfly,1.0,29-May-2022,Kings
-73.9681078,40.6427151,Spotted Lanternfly,1.0,29-May-2022,Kings
-73.9680961,40.6427092,Spotted Lanternfly,1.0,29-May-2022,Kings
-73.8314944,40.7215417,Spotted Lanternfly,1.0,28-May-2022,Queens
-73.9643867,40.66949,Spotted Lanternfly,1.0,28-May-2022,Kings
-73.936185,40.856431,Spotted Lanternfly,1.0,08-Aug-2021,New York
-73.9681058,40.6427283,Spotted Lanternfly,1.0,28-May-2022,Kings
-73.9681239,40.6426481,Spotted Lanternfly,1.0,30-May-2022,Kings
-73.9907833,40.7297967,Spotted Lanternfly,1.0,08-Aug-2021,New York
-74.1042278,40.6391972,Spotted Lanternfly,1.0,29-May-2022,Richmond
-73.9165013,40.8710598,Spotted Lanternfly,1.0,30-May-2022,New York
-73.887692,40.683081,Spotted Lanternfly,1.0,29-May-2022,Kings
-73.976027,40.7285671,Spotted Lanternfly,1.0,05-Aug-2021,New York
-74.1042278,40.6391972,Spotted Lanternfly,1.0,29-May-2022,Richmond
-73.9432451,40.7748767,Spotted Lanternfly,1.0,05-Aug-2021,New York
-73.9557333,40.7160867,Spotted Lanternfly,1.0,30-May-2022,Kings
-73.9682383,40.6426352,Spotted Lanternfly,1.0,30-May-2022,Kings
-74.0175587,40.6541802,Spotted Lanternfly,1.0,30-May-2022,Kings
-73.7581106,40.7606442,Spotted Lanternfly,1.0,30-May-2022,Queens
-73.9972383,40.7306633,Spotted Lanternfly,1.0,26-May-2022,New York
-73.9680662,40.6427158,Spotted Lanternfly,1.0,30-May-2022,Kings
-73.9557333,40.71605,Spotted Lanternfly,1.0,30-May-2022,Kings
-73.9242554,40.8558044,Spotted Lanternfly,1.0,04-Aug-2021,New York
-73.9299423,40.6716758,Spotted Lanternfly,1.0,29-May-2022,Kings
-73.9201568,40.7683659,Spotted Lanternfly,1.0,03-Aug-2021,Queens
-73.9306867,40.6037417,Spotted Lanternfly,1.0,03-Aug-2021,Kings
-74.1982742,40.5467504,Spotted Lanternfly,1.0,02-Aug-2021,Richmond
-73.9680716,40.6426972,Spotted Lanternfly,1.0,24-May-2022,Kings
-73.9240595,40.5953957,Spotted Lanternfly,1.0,24-May-2022,Kings
-73.9245139,40.8561333,Spotted Lanternfly,1.0,04-Aug-2021,New York
-73.9245,40.8561333,Spotted Lanternfly,1.0,04-Aug-2021,New York
-74.1046028,40.6439639,Spotted Lanternfly,1.0,27-May-2022,Richmond
-73.9348494,40.7860282,Spotted Lanternfly,1.0,26-May-2022,New York
-74.0149837,40.6545803,Spotted Lanternfly,1.0,02-Aug-2021,Kings
-74.0139083,40.7031967,Spotted Lanternfly,1.0,31-Jul-2021,New York
-73.997283,40.7519493,Spotted Lanternfly,1.0,31-Jul-2021,New York
-73.9702253,40.6447612,Spotted Lanternfly,1.0,28-Jul-2021,Kings
-73.9787521,40.763237,Spotted Lanternfly,1.0,30-Jul-2021,New York
-74.0164417,40.7171133,Spotted Lanternfly,1.0,30-Jul-2021,New York
-74.0087972,40.7070617,Spotted Lanternfly,1.0,30-Jul-2021,New York
-74.1803367,40.56938,Spotted Lanternfly,1.0,29-Jul-2021,Richmond
-74.016243,40.71176,Spotted Lanternfly,1.0,29-Jul-2021,New York
-74.1505138,40.5882133,Spotted Lanternfly,1.0,29-Jul-2021,Richmond
-74.112443,40.565891,Spotted Lanternfly,1.0,28-Jul-2021,Richmond
-74.1727133,40.5690783,Spotted Lanternfly,1.0,28-Jul-2021,Richmond
-74.2029454,40.5375636,Spotted Lanternfly,1.0,28-Jul-2021,Richmond
-74.1755617,40.5857467,Spotted Lanternfly,1.0,27-Jul-2021,Richmond
-74.0078165,40.7044663,Spotted Lanternfly,1.0,28-Jul-2021,New York
-73.9404136,40.7137584,Spotted Lanternfly,1.0,14-Sep-2020,Kings
-74.0353872,40.6117403,Spotted Lanternfly,10.0,07-Jun-2022,Kings
-73.972399,40.6910233,Spotted Lanternfly,1.0,09-Jun-2022,Kings
-73.976941,40.6648178,Spotted Lanternfly,15.0,10-Jun-2022,Kings
-73.9771671,40.7142071,Spotted Lanternfly,3.0,12-Aug-2022,New York
-73.8705778,40.8487583,Spotted Lanternfly,1.0,16-Jun-2022,Bronx
-73.9862101,40.7667961,Spotted Lanternfly,1.0,21-Aug-2022,New York
-73.872209,40.8752102,Spotted Lanternfly,1.0,20-Aug-2021,Bronx
-73.8476887,40.6979368,Spotted Lanternfly,1.0,10-Feb-2022,Queens
-73.9276326,40.6058404,Spotted Lanternfly,1.0,15-Nov-2021,Kings
-74.0905288,40.6371403,Spotted Lanternfly,1.0,17-Feb-2022,Richmond
-73.9680733,40.642724,Spotted Lanternfly,1.0,15-Mar-2022,Kings
-73.99601,40.684781,Spotted Lanternfly,1.0,30-Jun-2022,Kings
-73.9784853,40.7850556,Spotted Lanternfly,1.0,11-Aug-2022,New York
-73.9586913,40.8154345,Spotted Lanternfly,1.0,11-Aug-2022,New York
-74.1042944,40.6439389,Spotted Lanternfly,1.0,04-Jun-2021,Richmond
-73.9436206,40.7461551,Spotted Lanternfly,1.0,05-Sep-2020,Queens
-73.9345505,40.544433,Spotted Lanternfly,1.0,25-Aug-2021,Queens
-74.0092795,40.7502381,Spotted Lanternfly,1.0,14-Oct-2020,New York
-74.2217127,40.5518245,Spotted Lanternfly,1.0,02-Oct-2020,Richmond
-74.1623589,40.572103,Spotted Lanternfly,1.0,08-Nov-2020,Richmond
-74.1627707,40.5719345,Spotted Lanternfly,1.0,08-Nov-2020,Richmond
-74.0643679,40.5907208,Spotted Lanternfly,1.0,26-Sep-2021,Richmond
-74.0579185,40.6012117,Spotted Lanternfly,1.0,05-Jul-2021,Richmond
-73.9663821,40.7864961,Spotted Lanternfly,1.0,12-Sep-2021,New York
-73.9641807,40.8122289,Spotted Lanternfly,1.0,11-Nov-2021,New York
-73.9590716,40.7960073,Spotted Lanternfly,1.0,16-Dec-2021,New York
-73.9691848,40.7772349,Spotted Lanternfly,1.0,15-Sep-2020,New York
-74.099408,40.6371906,Spotted Lanternfly,1.0,16-Sep-2020,Richmond
-73.9960534,40.6491104,Spotted Lanternfly,1.0,20-Jan-2022,Kings
-73.9476783,40.8187117,Spotted Lanternfly,1.0,11-Sep-2021,New York
-73.9659349,40.8093335,Spotted Lanternfly,1.0,21-Aug-2021,New York
-73.9721867,40.7972403,Spotted Lanternfly,1.0,09-Sep-2021,New York
-73.9678865,40.7643748,Spotted Lanternfly,1.0,14-Aug-2021,New York
-73.9600588,40.7572127,Spotted Lanternfly,1.0,18-Sep-2021,New York
-73.9999313,40.7553368,Spotted Lanternfly,1.0,12-Aug-2021,New York
-74.0120411,40.711267,Spotted Lanternfly,1.0,13-Aug-2020,New York
-73.9630279,40.6648702,Spotted Lanternfly,1.0,04-Sep-2020,Kings
-74.0150213,40.7115037,Spotted Lanternfly,1.0,09-Sep-2020,New York
-74.0110369,40.7108177,Spotted Lanternfly,1.0,25-Aug-2020,New York
-74.011748,40.7106518,Spotted Lanternfly,1.0,23-Aug-2020,New York
-74.1594555,40.5970833,Spotted Lanternfly,1.0,25-May-2021,Richmond
-74.0113792,40.709957,Spotted Lanternfly,1.0,04-Sep-2020,New York
-73.9739516,40.768511,Spotted Lanternfly,1.0,29-Aug-2020,New York
-73.956694,40.7486474,Spotted Lanternfly,1.0,19-Aug-2020,Queens
-74.0112686,40.7103887,Spotted Lanternfly,1.0,05-Sep-2020,New York
-74.0112686,40.7103887,Spotted Lanternfly,1.0,05-Sep-2020,New York
-74.0112686,40.7103887,Spotted Lanternfly,1.0,05-Sep-2020,New York
-74.0112686,40.7103887,Spotted Lanternfly,1.0,05-Sep-2020,New York
-74.0112686,40.7103887,Spotted Lanternfly,1.0,05-Sep-2020,New York
-73.9918214,40.7740227,Spotted Lanternfly,1.0,23-Sep-2021,New York
-74.0109593,40.7096049,Spotted Lanternfly,1.0,07-Sep-2020,New York
-73.9671412,40.8085369,Spotted Lanternfly,1.0,05-Sep-2019,New York
-73.9885279,40.7042407,Spotted Lanternfly,1.0,22-Sep-2019,Kings
-74.0112686,40.7103887,Spotted Lanternfly,1.0,05-Sep-2020,New York
-74.0151209,40.708047,Spotted Lanternfly,1.0,08-Sep-2020,New York
-74.0141961,40.703514,Spotted Lanternfly,1.0,15-Sep-2021,New York
-74.005473,40.7052492,Spotted Lanternfly,1.0,11-Sep-2020,New York
-73.9680739,40.6427069,Spotted Lanternfly,1.0,22-May-2022,Kings
-74.0146073,40.6926741,Spotted Lanternfly,1.0,06-Sep-2021,New York
-74.0141144,40.6900024,Spotted Lanternfly,1.0,06-Oct-2021,New York
-74.2181945,40.5093802,Spotted Lanternfly,1.0,06-Oct-2021,Richmond
-73.9764528,40.6905972,Spotted Lanternfly,1.0,22-May-2022,Kings
-74.2188511,40.5071645,Spotted Lanternfly,1.0,14-Aug-2020,Richmond
-74.252235,40.5007659,Spotted Lanternfly,1.0,28-Aug-2021,Richmond
-74.2501556,40.4976444,Spotted Lanternfly,1.0,28-Aug-2021,Richmond
-74.23732,40.5391783,Spotted Lanternfly,1.0,19-May-2021,Richmond
-74.2273375,40.5466796,Spotted Lanternfly,1.0,03-Aug-2020,Richmond
-74.2254201,40.5428479,Spotted Lanternfly,1.0,11-Aug-2020,Richmond
-74.2280417,40.5466167,Spotted Lanternfly,1.0,08-Oct-2020,Richmond
-74.1005478,40.6269646,Spotted Lanternfly,1.0,16-Aug-2021,Richmond
-74.09975,40.6376278,Spotted Lanternfly,1.0,20-Jul-2021,Richmond
-74.1044569,40.6439985,Spotted Lanternfly,1.0,24-May-2021,Richmond
-74.1044333,40.6439056,Spotted Lanternfly,1.0,25-May-2021,Richmond
-74.0367631,40.6372374,Spotted Lanternfly,1.0,12-Sep-2021,Kings
-73.9221001,40.8596234,Spotted Lanternfly,1.0,13-Jul-2022,New York
-73.8658724,40.7670653,Spotted Lanternfly,1.0,06-Sep-2021,Queens
-73.92765,40.8498917,Spotted Lanternfly,1.0,13-Jul-2022,New York
-73.9390085,40.8350484,Spotted Lanternfly,1.0,20-Jul-2022,New York
-73.9919101,40.7200773,Spotted Lanternfly,1.0,23-Jul-2022,New York
-73.9596261,40.7432257,Spotted Lanternfly,1.0,13-Sep-2022,Queens
-74.015,40.7183333,Spotted Lanternfly,1.0,08-Sep-2020,New York
-74.0113621,40.7109197,Spotted Lanternfly,1.0,09-Sep-2020,New York
-74.0112686,40.7103887,Spotted Lanternfly,1.0,05-Sep-2020,New York
-74.0071556,40.7317167,Spotted Lanternfly,1.0,04-Sep-2020,New York
-74.0112686,40.7103887,Spotted Lanternfly,1.0,05-Sep-2020,New York
-74.0112686,40.7103887,Spotted Lanternfly,1.0,05-Sep-2020,New York
-73.9696733,40.781084,Spotted Lanternfly,1.0,23-May-2022,New York
-73.9550502,40.7477,Spotted Lanternfly,1.0,13-Sep-2022,Queens
-73.9245562,40.8318652,Spotted Lanternfly,1.0,28-Jul-2021,Bronx
-73.9755345,40.7542006,Spotted Lanternfly,1.0,27-Jul-2021,New York
-74.0036288,40.7533778,Spotted Lanternfly,1.0,27-Jul-2021,New York
-74.00955,40.7086633,Spotted Lanternfly,1.0,26-Jul-2021,New York
-74.1402064,40.5834569,Spotted Lanternfly,1.0,23-Jul-2021,Richmond
-73.9585018,40.7437493,Spotted Lanternfly,1.0,13-Sep-2022,Queens
-73.9552212,40.7479147,Spotted Lanternfly,1.0,13-Sep-2022,Queens
-73.995497,40.649433,Spotted Lanternfly,1.0,18-Aug-2021,Kings
-73.9454667,40.8035683,Spotted Lanternfly,1.0,16-Aug-2021,New York
-74.2388,40.5232117,Spotted Lanternfly,1.0,19-Aug-2021,Richmond
-74.0746616,40.5825637,Spotted Lanternfly,1.0,11-Aug-2021,Richmond
-73.985126,40.652407,Spotted Lanternfly,1.0,20-Aug-2021,Kings
-73.9553087,40.747927,Spotted Lanternfly,1.0,13-Sep-2022,Queens
-73.9680636,40.6427168,Spotted Lanternfly,1.0,22-May-2022,Kings
-73.9680713,40.6427034,Spotted Lanternfly,1.0,23-May-2022,Kings
-73.9605229,40.7385308,Spotted Lanternfly,1.0,13-Sep-2022,Queens
-73.959396,40.7435804,Spotted Lanternfly,1.0,13-Sep-2022,Queens
-73.7965376,40.7018167,Spotted Lanternfly,1.0,05-Oct-2019,Queens
-73.917797,40.5504739,Spotted Lanternfly,1.0,25-Aug-2021,Queens
-74.0600185,40.6104257,Spotted Lanternfly,1.0,20-Jul-2021,Richmond
-73.947624,40.6817698,Spotted Lanternfly,1.0,23-May-2022,Kings
-73.9423177,40.6870604,Spotted Lanternfly,1.0,06-Sep-2021,Kings
-73.9680823,40.6427181,Spotted Lanternfly,1.0,22-May-2022,Kings
-73.9686438,40.7759808,Spotted Lanternfly,1.0,29-Aug-2022,New York
-74.1175957,40.5623194,Spotted Lanternfly,1.0,19-Aug-2021,Richmond
-74.054335,40.604184,Spotted Lanternfly,1.0,07-Sep-2020,Richmond
-74.0158289,40.7170836,Spotted Lanternfly,1.0,15-Jun-2021,New York
-73.9680951,40.6427031,Spotted Lanternfly,1.0,17-May-2022,Kings
-74.1737421,40.6350224,Spotted Lanternfly,1.0,22-Nov-2021,Richmond
-73.968077,40.6427448,Spotted Lanternfly,1.0,18-May-2022,Kings
-74.0024557,40.7480246,Spotted Lanternfly,1.0,08-Jul-2021,New York
-73.9680646,40.6427446,Spotted Lanternfly,1.0,18-May-2022,Kings
-73.7388775,40.7446993,Spotted Lanternfly,1.0,27-Oct-2021,Queens
-74.0568917,40.6062467,Spotted Lanternfly,1.0,18-Jul-2021,Richmond
-74.2536666,40.5024379,Spotted Lanternfly,1.0,24-Oct-2021,Richmond
-74.0140361,40.6496306,Spotted Lanternfly,1.0,22-Oct-2021,Kings
-73.880913,40.8492543,Spotted Lanternfly,1.0,25-Oct-2021,Bronx
-73.9713375,40.6880935,Spotted Lanternfly,1.0,19-Oct-2021,Kings
-73.9929283,40.7037117,Spotted Lanternfly,1.0,18-Oct-2021,Kings
-73.968705,40.78113,Spotted Lanternfly,1.0,18-Oct-2021,New York
-73.8876902,40.6895887,Spotted Lanternfly,1.0,18-Oct-2021,Queens
-73.965155,40.7204383,Spotted Lanternfly,1.0,07-Sep-2021,New York
-73.9929883,40.7036383,Spotted Lanternfly,1.0,18-Oct-2021,Kings
-73.9516071,40.8315816,Spotted Lanternfly,1.0,18-Sep-2021,New York
-73.9744207,40.7761127,Spotted Lanternfly,1.0,13-Oct-2021,New York
-73.9882283,40.6819167,Spotted Lanternfly,1.0,21-Aug-2021,Kings
-73.9749489,40.7661883,Spotted Lanternfly,1.0,10-Oct-2021,New York
-73.968389,40.64261,Spotted Lanternfly,1.0,23-May-2022,Kings
-73.9680625,40.6427148,Spotted Lanternfly,1.0,17-May-2022,Kings
-74.1657446,40.5988345,Spotted Lanternfly,1.0,09-Oct-2021,Richmond
-73.9782333,40.579595,Spotted Lanternfly,1.0,08-Oct-2021,Kings
-74.0718252,40.5836942,Spotted Lanternfly,1.0,09-Oct-2021,Richmond
-74.0004876,40.6405825,Spotted Lanternfly,1.0,08-Oct-2021,Kings
-73.9549661,40.8103214,Spotted Lanternfly,1.0,16-Oct-2021,New York
-74.2192383,40.5033833,Spotted Lanternfly,1.0,17-Oct-2021,Richmond
-73.9598,40.7263533,Spotted Lanternfly,1.0,15-Oct-2021,Kings
-73.8877717,40.6896367,Spotted Lanternfly,1.0,17-Oct-2021,Queens
-73.995475,40.6522617,Spotted Lanternfly,1.0,13-Oct-2021,Kings
-74.0054376,40.7563996,Spotted Lanternfly,1.0,27-Sep-2020,New York
-73.985863,40.763756,Spotted Lanternfly,1.0,26-Sep-2020,New York
-74.0762609,40.5787001,Spotted Lanternfly,1.0,10-Nov-2021,Richmond
-73.9644573,40.8133301,Spotted Lanternfly,1.0,13-Nov-2021,New York
-74.0409164,40.6270103,Spotted Lanternfly,1.0,27-Sep-2021,Kings
-73.9642706,40.8123278,Spotted Lanternfly,1.0,11-Nov-2021,New York
-73.9272222,40.7933333,Spotted Lanternfly,1.0,11-Oct-2021,New York
-73.9636493,40.8123424,Spotted Lanternfly,1.0,19-Nov-2021,New York
-73.9582283,40.6394533,Spotted Lanternfly,1.0,18-Nov-2021,Kings
-74.1875617,40.5252533,Spotted Lanternfly,1.0,12-Dec-2021,Richmond
-73.9991283,40.6543529,Spotted Lanternfly,1.0,18-Nov-2021,Kings
-73.9924917,40.5769083,Spotted Lanternfly,1.0,03-Nov-2021,Kings
-73.8927204,40.8911188,Spotted Lanternfly,1.0,12-Aug-2021,Bronx
-73.9365467,40.8573583,Spotted Lanternfly,1.0,04-Jul-2021,New York
-74.0205199,40.6538062,Spotted Lanternfly,1.0,21-Dec-2021,Kings
-73.97792,40.71137,Spotted Lanternfly,1.0,16-Oct-2021,New York
-74.0204008,40.6538838,Spotted Lanternfly,1.0,09-Jan-2022,Kings
-74.0206905,40.6537597,Spotted Lanternfly,1.0,09-Jan-2022,Kings
-74.0204973,40.6538818,Spotted Lanternfly,1.0,09-Jan-2022,Kings
-74.0208942,40.6535445,Spotted Lanternfly,1.0,09-Jan-2022,Kings
-74.0207976,40.6536828,Spotted Lanternfly,1.0,09-Jan-2022,Kings
-74.0206152,40.6538456,Spotted Lanternfly,1.0,09-Jan-2022,Kings
-74.0208512,40.6536503,Spotted Lanternfly,1.0,09-Jan-2022,Kings
-74.0203577,40.653927,Spotted Lanternfly,1.0,09-Jan-2022,Kings
-74.0202933,40.6539514,Spotted Lanternfly,1.0,09-Jan-2022,Kings
-74.0206259,40.6538538,Spotted Lanternfly,1.0,09-Jan-2022,Kings
-73.9591673,40.7942379,Spotted Lanternfly,1.0,15-Jul-2021,New York
-73.9663343,40.7868226,Spotted Lanternfly,1.0,14-Sep-2021,New York
-74.0203041,40.6539514,Spotted Lanternfly,1.0,09-Jan-2022,Kings
-73.9844039,40.6633355,Brown Marmorated Stink Bug,1.0,18-Jul-2016,Kings
-74.083692,40.648177,Spotted Lanternfly,1.0,23-Jul-2022,Richmond
-73.8707941,40.8481037,Spotted Lanternfly,1.0,16-Jun-2022,Bronx
-73.8944505,40.7197286,Spotted Lanternfly,10.0,01-Jun-2022,Queens
-73.9680642,40.6427405,Spotted Lanternfly,1.0,17-May-2022,Kings
-73.9594,40.6414863,Spotted Lanternfly,1.0,16-May-2022,Kings
-74.0155722,40.7172617,Spotted Lanternfly,1.0,17-May-2022,New York
-74.0352338,40.6319328,Spotted Lanternfly,1.0,16-May-2022,Kings
-74.0282639,40.631348,Spotted Lanternfly,1.0,13-May-2022,Kings
-73.9680666,40.6427184,Spotted Lanternfly,1.0,17-May-2022,Kings
-74.22608,40.5364717,Spotted Lanternfly,1.0,17-May-2022,Richmond
-73.9680974,40.6427186,Spotted Lanternfly,1.0,21-May-2022,Kings
-73.9680951,40.6427107,Spotted Lanternfly,1.0,21-May-2022,Kings
-73.9680887,40.6427135,Spotted Lanternfly,1.0,21-May-2022,Kings
-73.8565133,40.863075,Spotted Lanternfly,1.0,15-Aug-2021,Bronx
-73.9593146,40.7439884,Spotted Lanternfly,1.0,08-Oct-2021,Queens
-74.0463587,40.6899752,Spotted Lanternfly,1.0,09-Oct-2021,New York
-73.818105,40.736635,Spotted Lanternfly,1.0,12-Oct-2021,Queens
-74.1035481,40.6305606,Spotted Lanternfly,1.0,17-Sep-2022,Richmond
-73.942957,40.7479657,Spotted Lanternfly,1.0,17-Sep-2022,Queens
-73.9443246,40.7476187,Spotted Lanternfly,1.0,17-Sep-2022,Queens
-73.9510599,40.7458892,Spotted Lanternfly,1.0,17-Sep-2022,Queens
-73.954809,40.7457851,Spotted Lanternfly,1.0,17-Sep-2022,Queens
-73.9653606,40.7842918,Spotted Lanternfly,1.0,05-Oct-2021,New York
-73.8475603,40.6759984,Spotted Lanternfly,1.0,25-Sep-2022,Queens
-73.9602588,40.8158107,Spotted Lanternfly,1.0,07-Oct-2022,New York
-73.9591365,40.8169037,Spotted Lanternfly,1.0,24-Sep-2022,New York
-73.7782219,40.7839032,Spotted Lanternfly,1.0,29-Sep-2022,Queens
-73.9781226,40.7937416,Spotted Lanternfly,1.0,16-Oct-2022,New York
-74.0752528,40.5821864,Spotted Lanternfly,1.0,12-Oct-2021,Richmond
-73.9459471,40.7915349,Spotted Lanternfly,1.0,25-Oct-2022,New York
-73.7868278,40.839797,Spotted Lanternfly,1.0,27-Oct-2022,Bronx
-73.9254079,40.7026247,Spotted Lanternfly,1.0,02-Aug-2022,Kings
-74.0358583,40.6394639,Spotted Lanternfly,1.0,02-Jul-2022,Kings
-73.920555,40.799625,Spotted Lanternfly,1.0,21-Oct-2021,New York
-73.99002,40.6761167,Spotted Lanternfly,1.0,17-Oct-2021,Kings
-73.9432833,40.7749583,Spotted Lanternfly,1.0,20-Sep-2021,New York
-73.9626509,40.7822515,Spotted Lanternfly,1.0,20-Sep-2021,New York
-74.0153195,40.7180417,Spotted Lanternfly,1.0,27-Jul-2021,New York
-73.9450096,40.7121625,Spotted Lanternfly,1.0,27-Jul-2021,Kings
-74.0147813,40.7139002,Spotted Lanternfly,1.0,27-Jul-2021,New York
-74.0008848,40.6927522,Spotted Lanternfly,1.0,28-Jul-2021,Kings
-74.0171549,40.7067542,Spotted Lanternfly,1.0,19-Jul-2021,New York
-74.0183023,40.7064695,Spotted Lanternfly,1.0,19-Jul-2021,New York
-74.2192486,40.5082266,Spotted Lanternfly,1.0,18-Jul-2021,Richmond
-74.2480783,40.4967783,Spotted Lanternfly,1.0,04-Aug-2021,Richmond
-73.98178,40.7514417,Spotted Lanternfly,1.0,28-Jul-2021,New York
-74.0191425,40.7067666,Spotted Lanternfly,1.0,03-Aug-2021,New York
-73.9777824,40.7252761,Spotted Lanternfly,1.0,05-Aug-2021,New York
-74.1541528,40.573055,Spotted Lanternfly,1.0,03-Aug-2021,Richmond
-74.1256862,40.5568117,Spotted Lanternfly,1.0,04-Aug-2021,Richmond
-74.0141114,40.7135286,Spotted Lanternfly,1.0,04-Aug-2021,New York
-74.0043632,40.7067272,Spotted Lanternfly,1.0,13-Sep-2021,New York
-74.0405362,40.6275633,Spotted Lanternfly,1.0,12-Sep-2021,Kings
-73.9888533,40.7037617,Spotted Lanternfly,1.0,30-Jul-2021,Kings
-74.1461629,40.6263941,Spotted Lanternfly,1.0,22-Jul-2021,Richmond
-73.943145,40.8105383,Spotted Lanternfly,1.0,14-Sep-2021,New York
-74.0280283,40.6389739,Spotted Lanternfly,1.0,18-Sep-2021,Kings
-73.9863407,40.7373806,Spotted Lanternfly,1.0,30-Jul-2021,New York
-73.9880446,40.7412119,Spotted Lanternfly,1.0,30-Jul-2021,New York
-73.9713498,40.755181,Spotted Lanternfly,1.0,28-Jul-2021,New York
-74.0005121,40.6928698,Spotted Lanternfly,1.0,28-Jul-2021,Kings
-74.0005612,40.6926709,Spotted Lanternfly,1.0,28-Jul-2021,Kings
-74.234514,40.5316005,Spotted Lanternfly,1.0,10-Jan-2021,Richmond
-73.9266276,40.8268691,Spotted Lanternfly,1.0,21-Sep-2022,Bronx
-73.9599337,40.8158201,Spotted Lanternfly,1.0,20-Sep-2022,New York
-73.8419959,40.7762784,Spotted Lanternfly,1.0,19-Sep-2022,Queens
-73.9564417,40.7477594,Spotted Lanternfly,1.0,15-Sep-2022,Queens
-73.9564259,40.747758,Spotted Lanternfly,1.0,15-Sep-2022,Queens
-73.955667,40.7481138,Spotted Lanternfly,1.0,15-Sep-2022,Queens
-73.9562098,40.7484469,Spotted Lanternfly,1.0,15-Sep-2022,Queens
-73.9558306,40.7481812,Spotted Lanternfly,1.0,15-Sep-2022,Queens
-74.0123592,40.7110326,Spotted Lanternfly,1.0,09-Aug-2021,New York
-74.2152091,40.5356198,Spotted Lanternfly,1.0,08-Aug-2021,Richmond
-73.9746918,40.7761703,Spotted Lanternfly,1.0,02-Sep-2021,New York
-73.9748046,40.776243,Spotted Lanternfly,1.0,02-Sep-2021,New York
-74.0969734,40.6331917,Spotted Lanternfly,1.0,09-Aug-2021,Richmond
-73.8359042,40.7075444,Spotted Lanternfly,1.0,04-Aug-2022,Queens
-73.955021,40.7476492,Spotted Lanternfly,1.0,13-Sep-2022,Queens
-73.9560167,40.7483778,Spotted Lanternfly,1.0,13-Sep-2022,Queens
-73.9398624,40.8054091,Spotted Lanternfly,1.0,27-Aug-2022,New York
-73.9820485,40.7750322,Spotted Lanternfly,1.0,11-Aug-2022,New York
-74.0121319,40.6778589,Spotted Lanternfly,1.0,05-Aug-2022,Kings
-74.009398,40.6165175,Spotted Lanternfly,1.0,15-Aug-2021,Kings
-74.2498121,40.5096744,Spotted Lanternfly,1.0,04-Aug-2022,Richmond
-74.0004547,40.7524374,Spotted Lanternfly,1.0,16-Aug-2021,New York
-73.9568811,40.747951,Spotted Lanternfly,1.0,15-Aug-2021,Queens
-73.9095352,40.7795765,Spotted Lanternfly,1.0,14-Aug-2021,Queens
-73.7839799,40.8721798,Spotted Lanternfly,1.0,17-Aug-2022,Bronx
-73.950064,40.7186057,Spotted Lanternfly,1.0,29-Jul-2022,Kings
-74.0168305,40.7176033,Spotted Lanternfly,1.0,25-Feb-2022,New York
